YM,Year,Month,Anomalies
185001,1850,1,-0.38
185002,1850,2,-0.14
185003,1850,3,-0.24
185004,1850,4,-0.2
185005,1850,5,-0.2
185006,1850,6,-0.11
185007,1850,7,-0.1
185008,1850,8,-0.12
185009,1850,9,-0.19
185010,1850,10,-0.12
185011,1850,11,-0.15
185012,1850,12,-0.06
185101,1851,1,-0.13
185102,1851,2,-0.08
185103,1851,3,-0.25
185104,1851,4,-0.17
185105,1851,5,-0.09
185106,1851,6,-0.16
185107,1851,7,-0.05
185108,1851,8,-0.02
185109,1851,9,0.01
185110,1851,10,-0.03
185111,1851,11,-0.04
185112,1851,12,-0.03
185201,1852,1,-0.16
185202,1852,2,-0.09
185203,1852,3,-0.26
185204,1852,4,-0.37
185205,1852,5,0
185206,1852,6,-0.07
185207,1852,7,-0.05
185208,1852,8,0.06
185209,1852,9,-0.02
185210,1852,10,-0.06
185211,1852,11,-0.05
185212,1852,12,-0.09
185301,1853,1,-0.01
185302,1853,2,-0.15
185303,1853,3,-0.15
185304,1853,4,-0.18
185305,1853,5,-0.12
185306,1853,6,-0.07
185307,1853,7,-0.02
185308,1853,8,-0.02
185309,1853,9,-0.12
185310,1853,10,-0.15
185311,1853,11,-0.14
185312,1853,12,-0.22
185401,1854,1,-0.24
185402,1854,2,-0.18
185403,1854,3,-0.05
185404,1854,4,-0.22
185405,1854,5,-0.08
185406,1854,6,-0.07
185407,1854,7,-0.12
185408,1854,8,-0.14
185409,1854,9,-0.06
185410,1854,10,-0.02
185411,1854,11,-0.13
185412,1854,12,0.02
185501,1855,1,0
185502,1855,2,-0.11
185503,1855,3,-0.16
185504,1855,4,-0.1
185505,1855,5,-0.13
185506,1855,6,-0.21
185507,1855,7,-0.13
185508,1855,8,-0.15
185509,1855,9,-0.19
185510,1855,10,-0.04
185511,1855,11,0.03
185512,1855,12,-0.2
185601,1856,1,-0.09
185602,1856,2,-0.07
185603,1856,3,-0.28
185604,1856,4,-0.17
185605,1856,5,-0.12
185606,1856,6,-0.15
185607,1856,7,-0.34
185608,1856,8,-0.31
185609,1856,9,-0.18
185610,1856,10,-0.45
185611,1856,11,-0.47
185612,1856,12,-0.37
185701,1857,1,-0.29
185702,1857,2,-0.34
185703,1857,3,-0.32
185704,1857,4,-0.37
185705,1857,5,-0.34
185706,1857,6,-0.3
185707,1857,7,-0.23
185708,1857,8,-0.18
185709,1857,9,-0.2
185710,1857,10,-0.25
185711,1857,11,-0.28
185712,1857,12,-0.15
185801,1858,1,-0.17
185802,1858,2,-0.31
185803,1858,3,-0.19
185804,1858,4,-0.2
185805,1858,5,-0.21
185806,1858,6,-0.19
185807,1858,7,-0.2
185808,1858,8,-0.22
185809,1858,9,-0.2
185810,1858,10,-0.21
185811,1858,11,-0.18
185812,1858,12,-0.19
185901,1859,1,-0.1
185902,1859,2,0.02
185903,1859,3,-0.04
185904,1859,4,-0.08
185905,1859,5,-0.09
185906,1859,6,-0.11
185907,1859,7,-0.1
185908,1859,8,-0.14
185909,1859,9,-0.12
185910,1859,10,-0.12
185911,1859,11,-0.07
185912,1859,12,-0.04
186001,1860,1,-0.13
186002,1860,2,-0.11
186003,1860,3,-0.19
186004,1860,4,-0.18
186005,1860,5,-0.15
186006,1860,6,-0.19
186007,1860,7,-0.26
186008,1860,8,-0.25
186009,1860,9,-0.22
186010,1860,10,-0.22
186011,1860,11,-0.33
186012,1860,12,-0.48
186101,1861,1,-0.46
186102,1861,2,-0.31
186103,1861,3,-0.27
186104,1861,4,-0.28
186105,1861,5,-0.24
186106,1861,6,-0.28
186107,1861,7,-0.18
186108,1861,8,-0.1
186109,1861,9,-0.1
186110,1861,10,-0.23
186111,1861,11,-0.25
186112,1861,12,-0.24
186201,1862,1,-0.4
186202,1862,2,-0.35
186203,1862,3,-0.27
186204,1862,4,-0.28
186205,1862,5,-0.34
186206,1862,6,-0.32
186207,1862,7,-0.29
186208,1862,8,-0.3
186209,1862,9,-0.23
186210,1862,10,-0.27
186211,1862,11,-0.19
186212,1862,12,-0.28
186301,1863,1,-0.04
186302,1863,2,-0.08
186303,1863,3,-0.12
186304,1863,4,-0.14
186305,1863,5,-0.11
186306,1863,6,-0.24
186307,1863,7,-0.22
186308,1863,8,-0.13
186309,1863,9,-0.2
186310,1863,10,-0.21
186311,1863,11,-0.18
186312,1863,12,-0.07
186401,1864,1,-0.34
186402,1864,2,-0.19
186403,1864,3,-0.17
186404,1864,4,-0.19
186405,1864,5,-0.12
186406,1864,6,-0.09
186407,1864,7,-0.15
186408,1864,8,-0.16
186409,1864,9,-0.23
186410,1864,10,-0.26
186411,1864,11,-0.18
186412,1864,12,-0.1
186501,1865,1,-0.04
186502,1865,2,-0.24
186503,1865,3,-0.17
186504,1865,4,-0.15
186505,1865,5,-0.16
186506,1865,6,-0.12
186507,1865,7,-0.06
186508,1865,8,-0.08
186509,1865,9,-0.08
186510,1865,10,-0.14
186511,1865,11,-0.1
186512,1865,12,-0.1
186601,1866,1,0.1
186602,1866,2,-0.05
186603,1866,3,-0.06
186604,1866,4,-0.16
186605,1866,5,-0.17
186606,1866,6,-0.1
186607,1866,7,-0.05
186608,1866,8,-0.17
186609,1866,9,-0.18
186610,1866,10,-0.18
186611,1866,11,-0.05
186612,1866,12,-0.09
186701,1867,1,-0.21
186702,1867,2,-0.08
186703,1867,3,-0.2
186704,1867,4,-0.18
186705,1867,5,-0.26
186706,1867,6,-0.18
186707,1867,7,-0.21
186708,1867,8,-0.11
186709,1867,9,-0.03
186710,1867,10,-0.12
186711,1867,11,-0.15
186712,1867,12,-0.33
186801,1868,1,-0.42
186802,1868,2,-0.22
186803,1868,3,-0.09
186804,1868,4,-0.09
186805,1868,5,0
186806,1868,6,-0.03
186807,1868,7,-0.11
186808,1868,8,-0.1
186809,1868,9,-0.18
186810,1868,10,-0.13
186811,1868,11,-0.13
186812,1868,12,-0.09
186901,1869,1,-0.14
186902,1869,2,0.02
186903,1869,3,-0.14
186904,1869,4,-0.1
186905,1869,5,-0.11
186906,1869,6,-0.08
186907,1869,7,-0.14
186908,1869,8,-0.18
186909,1869,9,-0.16
186910,1869,10,-0.23
186911,1869,11,0
186912,1869,12,-0.06
187001,1870,1,-0.04
187002,1870,2,-0.15
187003,1870,3,-0.04
187004,1870,4,-0.09
187005,1870,5,-0.1
187006,1870,6,-0.13
187007,1870,7,-0.1
187008,1870,8,-0.16
187009,1870,9,-0.19
187010,1870,10,-0.3
187011,1870,11,-0.22
187012,1870,12,-0.36
187101,1871,1,-0.27
187102,1871,2,-0.3
187103,1871,3,0
187104,1871,4,-0.02
187105,1871,5,-0.12
187106,1871,6,-0.11
187107,1871,7,-0.08
187108,1871,8,-0.15
187109,1871,9,-0.22
187110,1871,10,-0.24
187111,1871,11,-0.22
187112,1871,12,-0.23
187201,1872,1,-0.18
187202,1872,2,-0.18
187203,1872,3,-0.2
187204,1872,4,-0.19
187205,1872,5,-0.16
187206,1872,6,-0.16
187207,1872,7,-0.13
187208,1872,8,-0.09
187209,1872,9,-0.19
187210,1872,10,-0.13
187211,1872,11,-0.16
187212,1872,12,-0.28
187301,1873,1,-0.1
187302,1873,2,-0.17
187303,1873,3,-0.25
187304,1873,4,-0.42
187305,1873,5,-0.29
187306,1873,6,-0.13
187307,1873,7,-0.11
187308,1873,8,-0.08
187309,1873,9,-0.18
187310,1873,10,-0.17
187311,1873,11,-0.17
187312,1873,12,-0.11
187401,1874,1,-0.04
187402,1874,2,-0.16
187403,1874,3,-0.28
187404,1874,4,-0.27
187405,1874,5,-0.29
187406,1874,6,-0.25
187407,1874,7,-0.14
187408,1874,8,-0.13
187409,1874,9,-0.15
187410,1874,10,-0.19
187411,1874,11,-0.24
187412,1874,12,-0.25
187501,1875,1,-0.39
187502,1875,2,-0.2
187503,1875,3,-0.2
187504,1875,4,-0.21
187505,1875,5,-0.09
187506,1875,6,-0.07
187507,1875,7,-0.09
187508,1875,8,-0.07
187509,1875,9,-0.15
187510,1875,10,-0.14
187511,1875,11,-0.33
187512,1875,12,-0.3
187601,1876,1,-0.25
187602,1876,2,-0.22
187603,1876,3,-0.15
187604,1876,4,-0.27
187605,1876,5,-0.34
187606,1876,6,-0.18
187607,1876,7,-0.15
187608,1876,8,-0.14
187609,1876,9,-0.18
187610,1876,10,-0.15
187611,1876,11,-0.25
187612,1876,12,-0.22
187701,1877,1,-0.14
187702,1877,2,0
187703,1877,3,0.04
187704,1877,4,-0.08
187705,1877,5,-0.03
187706,1877,6,0.07
187707,1877,7,0.13
187708,1877,8,0.12
187709,1877,9,0.14
187710,1877,10,0.13
187711,1877,11,0.2
187712,1877,12,0.12
187801,1878,1,0.12
187802,1878,2,0.25
187803,1878,3,0.27
187804,1878,4,0.08
187805,1878,5,0.05
187806,1878,6,0.12
187807,1878,7,0.06
187808,1878,8,0.05
187809,1878,9,0.03
187810,1878,10,-0.04
187811,1878,11,-0.08
187812,1878,12,-0.07
187901,1879,1,-0.05
187902,1879,2,-0.03
187903,1879,3,-0.02
187904,1879,4,-0.05
187905,1879,5,-0.04
187906,1879,6,-0.11
187907,1879,7,-0.07
187908,1879,8,-0.16
187909,1879,9,-0.13
187910,1879,10,-0.07
187911,1879,11,-0.2
187912,1879,12,-0.29
188001,1880,1,-0.15
188002,1880,2,-0.17
188003,1880,3,-0.1
188004,1880,4,-0.14
188005,1880,5,-0.06
188006,1880,6,-0.19
188007,1880,7,-0.21
188008,1880,8,-0.12
188009,1880,9,-0.16
188010,1880,10,-0.29
188011,1880,11,-0.17
188012,1880,12,-0.15
188101,1881,1,-0.15
188102,1881,2,-0.16
188103,1881,3,-0.07
188104,1881,4,-0.02
188105,1881,5,0
188106,1881,6,-0.19
188107,1881,7,-0.08
188108,1881,8,-0.05
188109,1881,9,-0.17
188110,1881,10,-0.24
188111,1881,11,-0.26
188112,1881,12,-0.08
188201,1882,1,0.16
188202,1882,2,0.06
188203,1882,3,-0.01
188204,1882,4,-0.18
188205,1882,5,-0.18
188206,1882,6,-0.21
188207,1882,7,-0.16
188208,1882,8,-0.06
188209,1882,9,-0.1
188210,1882,10,-0.27
188211,1882,11,-0.21
188212,1882,12,-0.23
188301,1883,1,-0.32
188302,1883,2,-0.34
188303,1883,3,-0.17
188304,1883,4,-0.18
188305,1883,5,-0.16
188306,1883,6,-0.15
188307,1883,7,-0.11
188308,1883,8,-0.15
188309,1883,9,-0.27
188310,1883,10,-0.23
188311,1883,11,-0.27
188312,1883,12,-0.22
188401,1884,1,-0.16
188402,1884,2,-0.2
188403,1884,3,-0.29
188404,1884,4,-0.35
188405,1884,5,-0.31
188406,1884,6,-0.32
188407,1884,7,-0.36
188408,1884,8,-0.31
188409,1884,9,-0.3
188410,1884,10,-0.29
188411,1884,11,-0.4
188412,1884,12,-0.32
188501,1885,1,-0.57
188502,1885,2,-0.36
188503,1885,3,-0.26
188504,1885,4,-0.36
188505,1885,5,-0.4
188506,1885,6,-0.36
188507,1885,7,-0.37
188508,1885,8,-0.3
188509,1885,9,-0.26
188510,1885,10,-0.26
188511,1885,11,-0.23
188512,1885,12,-0.08
188601,1886,1,-0.29
188602,1886,2,-0.3
188603,1886,3,-0.26
188604,1886,4,-0.2
188605,1886,5,-0.21
188606,1886,6,-0.27
188607,1886,7,-0.21
188608,1886,8,-0.28
188609,1886,9,-0.26
188610,1886,10,-0.2
188611,1886,11,-0.23
188612,1886,12,-0.26
188701,1887,1,-0.53
188702,1887,2,-0.41
188703,1887,3,-0.26
188704,1887,4,-0.28
188705,1887,5,-0.26
188706,1887,6,-0.25
188707,1887,7,-0.28
188708,1887,8,-0.34
188709,1887,9,-0.18
188710,1887,10,-0.34
188711,1887,11,-0.26
188712,1887,12,-0.26
188801,1888,1,-0.28
188802,1888,2,-0.32
188803,1888,3,-0.33
188804,1888,4,-0.19
188805,1888,5,-0.15
188806,1888,6,-0.11
188807,1888,7,-0.12
188808,1888,8,-0.18
188809,1888,9,-0.14
188810,1888,10,-0.04
188811,1888,11,-0.06
188812,1888,12,-0.05
188901,1889,1,-0.03
188902,1889,2,0.11
188903,1889,3,0.06
188904,1889,4,0.05
188905,1889,5,0.02
188906,1889,6,-0.03
188907,1889,7,-0.06
188908,1889,8,-0.11
188909,1889,9,-0.18
188910,1889,10,-0.23
188911,1889,11,-0.28
188912,1889,12,-0.19
189001,1890,1,-0.35
189002,1890,2,-0.26
189003,1890,3,-0.22
189004,1890,4,-0.21
189005,1890,5,-0.26
189006,1890,6,-0.2
189007,1890,7,-0.24
189008,1890,8,-0.32
189009,1890,9,-0.27
189010,1890,10,-0.3
189011,1890,11,-0.43
189012,1890,12,-0.22
189101,1891,1,-0.27
189102,1891,2,-0.33
189103,1891,3,-0.2
189104,1891,4,-0.2
189105,1891,5,-0.1
189106,1891,6,-0.13
189107,1891,7,-0.12
189108,1891,8,-0.14
189109,1891,9,-0.1
189110,1891,10,-0.22
189111,1891,11,-0.3
189112,1891,12,-0.05
189201,1892,1,-0.2
189202,1892,2,-0.13
189203,1892,3,-0.26
189204,1892,4,-0.21
189205,1892,5,-0.16
189206,1892,6,-0.19
189207,1892,7,-0.29
189208,1892,8,-0.27
189209,1892,9,-0.16
189210,1892,10,-0.22
189211,1892,11,-0.36
189212,1892,12,-0.48
189301,1893,1,-0.66
189302,1893,2,-0.56
189303,1893,3,-0.27
189304,1893,4,-0.23
189305,1893,5,-0.31
189306,1893,6,-0.19
189307,1893,7,-0.2
189308,1893,8,-0.27
189309,1893,9,-0.28
189310,1893,10,-0.25
189311,1893,11,-0.24
189312,1893,12,-0.28
189401,1894,1,-0.35
189402,1894,2,-0.15
189403,1894,3,-0.15
189404,1894,4,-0.31
189405,1894,5,-0.2
189406,1894,6,-0.28
189407,1894,7,-0.19
189408,1894,8,-0.21
189409,1894,9,-0.23
189410,1894,10,-0.27
189411,1894,11,-0.25
189412,1894,12,-0.18
189501,1895,1,-0.34
189502,1895,2,-0.36
189503,1895,3,-0.31
189504,1895,4,-0.19
189505,1895,5,-0.18
189506,1895,6,-0.18
189507,1895,7,-0.15
189508,1895,8,-0.14
189509,1895,9,-0.09
189510,1895,10,-0.11
189511,1895,11,-0.14
189512,1895,12,-0.08
189601,1896,1,-0.16
189602,1896,2,-0.04
189603,1896,3,-0.15
189604,1896,4,-0.13
189605,1896,5,-0.06
189606,1896,6,-0.07
189607,1896,7,0
189608,1896,8,-0.03
189609,1896,9,-0.01
189610,1896,10,0.04
189611,1896,11,-0.06
189612,1896,12,0.01
189701,1897,1,-0.06
189702,1897,2,-0.11
189703,1897,3,-0.13
189704,1897,4,0.08
189705,1897,5,0.1
189706,1897,6,-0.1
189707,1897,7,-0.05
189708,1897,8,-0.05
189709,1897,9,-0.03
189710,1897,10,-0.09
189711,1897,11,-0.19
189712,1897,12,-0.2
189801,1898,1,0.01
189802,1898,2,-0.21
189803,1898,3,-0.46
189804,1898,4,-0.25
189805,1898,5,-0.2
189806,1898,6,-0.14
189807,1898,7,-0.17
189808,1898,8,-0.21
189809,1898,9,-0.22
189810,1898,10,-0.36
189811,1898,11,-0.33
189812,1898,12,-0.15
189901,1899,1,-0.23
189902,1899,2,-0.31
189903,1899,3,-0.3
189904,1899,4,-0.22
189905,1899,5,-0.18
189906,1899,6,-0.23
189907,1899,7,-0.1
189908,1899,8,-0.02
189909,1899,9,-0.01
189910,1899,10,-0.07
189911,1899,11,0.01
189912,1899,12,-0.26
190001,1900,1,-0.3
190002,1900,2,-0.17
190003,1900,3,-0.02
190004,1900,4,-0.04
190005,1900,5,-0.05
190006,1900,6,-0.07
190007,1900,7,-0.11
190008,1900,8,-0.07
190009,1900,9,-0.05
190010,1900,10,0.05
190011,1900,11,-0.07
190012,1900,12,-0.05
190101,1901,1,-0.12
190102,1901,2,-0.07
190103,1901,3,0.04
190104,1901,4,0
190105,1901,5,-0.08
190106,1901,6,-0.08
190107,1901,7,-0.08
190108,1901,8,-0.14
190109,1901,9,-0.18
190110,1901,10,-0.27
190111,1901,11,-0.21
190112,1901,12,-0.37
190201,1902,1,-0.16
190202,1902,2,-0.04
190203,1902,3,-0.26
190204,1902,4,-0.27
190205,1902,5,-0.27
190206,1902,6,-0.26
190207,1902,7,-0.23
190208,1902,8,-0.23
190209,1902,9,-0.22
190210,1902,10,-0.28
190211,1902,11,-0.31
190212,1902,12,-0.26
190301,1903,1,-0.15
190302,1903,2,-0.02
190303,1903,3,-0.16
190304,1903,4,-0.3
190305,1903,5,-0.33
190306,1903,6,-0.3
190307,1903,7,-0.31
190308,1903,8,-0.39
190309,1903,9,-0.41
190310,1903,10,-0.47
190311,1903,11,-0.46
190312,1903,12,-0.46
190401,1904,1,-0.48
190402,1904,2,-0.53
190403,1904,3,-0.53
190404,1904,4,-0.46
190405,1904,5,-0.45
190406,1904,6,-0.4
190407,1904,7,-0.44
190408,1904,8,-0.41
190409,1904,9,-0.49
190410,1904,10,-0.35
190411,1904,11,-0.26
190412,1904,12,-0.34
190501,1905,1,-0.26
190502,1905,2,-0.45
190503,1905,3,-0.36
190504,1905,4,-0.41
190505,1905,5,-0.24
190506,1905,6,-0.19
190507,1905,7,-0.17
190508,1905,8,-0.21
190509,1905,9,-0.2
190510,1905,10,-0.22
190511,1905,11,-0.08
190512,1905,12,-0.08
190601,1906,1,-0.2
190602,1906,2,-0.2
190603,1906,3,-0.19
190604,1906,4,-0.09
190605,1906,5,-0.2
190606,1906,6,-0.15
190607,1906,7,-0.2
190608,1906,8,-0.2
190609,1906,9,-0.26
190610,1906,10,-0.21
190611,1906,11,-0.34
190612,1906,12,-0.18
190701,1907,1,-0.36
190702,1907,2,-0.39
190703,1907,3,-0.25
190704,1907,4,-0.29
190705,1907,5,-0.38
190706,1907,6,-0.31
190707,1907,7,-0.34
190708,1907,8,-0.3
190709,1907,9,-0.31
190710,1907,10,-0.25
190711,1907,11,-0.37
190712,1907,12,-0.41
190801,1908,1,-0.36
190802,1908,2,-0.31
190803,1908,3,-0.51
190804,1908,4,-0.4
190805,1908,5,-0.34
190806,1908,6,-0.31
190807,1908,7,-0.35
190808,1908,8,-0.42
190809,1908,9,-0.36
190810,1908,10,-0.43
190811,1908,11,-0.53
190812,1908,12,-0.44
190901,1909,1,-0.5
190902,1909,2,-0.38
190903,1909,3,-0.52
190904,1909,4,-0.59
190905,1909,5,-0.48
190906,1909,6,-0.46
190907,1909,7,-0.4
190908,1909,8,-0.33
190909,1909,9,-0.36
190910,1909,10,-0.39
190911,1909,11,-0.38
190912,1909,12,-0.42
191001,1910,1,-0.3
191002,1910,2,-0.35
191003,1910,3,-0.51
191004,1910,4,-0.37
191005,1910,5,-0.3
191006,1910,6,-0.31
191007,1910,7,-0.3
191008,1910,8,-0.36
191009,1910,9,-0.37
191010,1910,10,-0.43
191011,1910,11,-0.5
191012,1910,12,-0.6
191101,1911,1,-0.54
191102,1911,2,-0.55
191103,1911,3,-0.58
191104,1911,4,-0.5
191105,1911,5,-0.46
191106,1911,6,-0.44
191107,1911,7,-0.4
191108,1911,8,-0.44
191109,1911,9,-0.39
191110,1911,10,-0.32
191111,1911,11,-0.16
191112,1911,12,-0.12
191201,1912,1,-0.23
191202,1912,2,-0.17
191203,1912,3,-0.32
191204,1912,4,-0.19
191205,1912,5,-0.18
191206,1912,6,-0.17
191207,1912,7,-0.37
191208,1912,8,-0.43
191209,1912,9,-0.52
191210,1912,10,-0.54
191211,1912,11,-0.37
191212,1912,12,-0.44
191301,1913,1,-0.34
191302,1913,2,-0.41
191303,1913,3,-0.39
191304,1913,4,-0.34
191305,1913,5,-0.4
191306,1913,6,-0.39
191307,1913,7,-0.32
191308,1913,8,-0.31
191309,1913,9,-0.33
191310,1913,10,-0.33
191311,1913,11,-0.24
191312,1913,12,-0.07
191401,1914,1,0.05
191402,1914,2,-0.05
191403,1914,3,-0.18
191404,1914,4,-0.29
191405,1914,5,-0.19
191406,1914,6,-0.22
191407,1914,7,-0.24
191408,1914,8,-0.18
191409,1914,9,-0.18
191410,1914,10,-0.11
191411,1914,11,-0.12
191412,1914,12,0
191501,1915,1,-0.17
191502,1915,2,0
191503,1915,3,-0.04
191504,1915,4,0.08
191505,1915,5,0
191506,1915,6,-0.11
191507,1915,7,-0.06
191508,1915,8,-0.1
191509,1915,9,-0.19
191510,1915,10,-0.2
191511,1915,11,-0.13
191512,1915,12,-0.24
191601,1916,1,-0.2
191602,1916,2,-0.15
191603,1916,3,-0.26
191604,1916,4,-0.23
191605,1916,5,-0.25
191606,1916,6,-0.35
191607,1916,7,-0.31
191608,1916,8,-0.27
191609,1916,9,-0.28
191610,1916,10,-0.29
191611,1916,11,-0.4
191612,1916,12,-0.7
191701,1917,1,-0.6
191702,1917,2,-0.63
191703,1917,3,-0.64
191704,1917,4,-0.51
191705,1917,5,-0.52
191706,1917,6,-0.4
191707,1917,7,-0.25
191708,1917,8,-0.22
191709,1917,9,-0.2
191710,1917,10,-0.38
191711,1917,11,-0.33
191712,1917,12,-0.48
191801,1918,1,-0.44
191802,1918,2,-0.38
191803,1918,3,-0.27
191804,1918,4,-0.4
191805,1918,5,-0.39
191806,1918,6,-0.33
191807,1918,7,-0.27
191808,1918,8,-0.28
191809,1918,9,-0.16
191810,1918,10,-0.1
191811,1918,11,-0.07
191812,1918,12,-0.26
191901,1919,1,-0.15
191902,1919,2,-0.18
191903,1919,3,-0.19
191904,1919,4,-0.08
191905,1919,5,-0.22
191906,1919,6,-0.3
191907,1919,7,-0.26
191908,1919,8,-0.32
191909,1919,9,-0.24
191910,1919,10,-0.19
191911,1919,11,-0.34
191912,1919,12,-0.38
192001,1920,1,-0.25
192002,1920,2,-0.29
192003,1920,3,-0.11
192004,1920,4,-0.22
192005,1920,5,-0.25
192006,1920,6,-0.27
192007,1920,7,-0.26
192008,1920,8,-0.23
192009,1920,9,-0.18
192010,1920,10,-0.25
192011,1920,11,-0.24
192012,1920,12,-0.42
192101,1921,1,-0.09
192102,1921,2,-0.19
192103,1921,3,-0.23
192104,1921,4,-0.25
192105,1921,5,-0.21
192106,1921,6,-0.23
192107,1921,7,-0.12
192108,1921,8,-0.18
192109,1921,9,-0.17
192110,1921,10,-0.07
192111,1921,11,-0.15
192112,1921,12,-0.15
192201,1922,1,-0.29
192202,1922,2,-0.39
192203,1922,3,-0.1
192204,1922,4,-0.19
192205,1922,5,-0.27
192206,1922,6,-0.23
192207,1922,7,-0.25
192208,1922,8,-0.27
192209,1922,9,-0.3
192210,1922,10,-0.28
192211,1922,11,-0.15
192212,1922,12,-0.2
192301,1923,1,-0.25
192302,1923,2,-0.39
192303,1923,3,-0.32
192304,1923,4,-0.35
192305,1923,5,-0.27
192306,1923,6,-0.21
192307,1923,7,-0.28
192308,1923,8,-0.31
192309,1923,9,-0.26
192310,1923,10,-0.18
192311,1923,11,-0.05
192312,1923,12,0
192401,1924,1,-0.18
192402,1924,2,-0.18
192403,1924,3,-0.07
192404,1924,4,-0.22
192405,1924,5,-0.1
192406,1924,6,-0.22
192407,1924,7,-0.21
192408,1924,8,-0.29
192409,1924,9,-0.29
192410,1924,10,-0.32
192411,1924,11,-0.21
192412,1924,12,-0.37
192501,1925,1,-0.36
192502,1925,2,-0.39
192503,1925,3,-0.26
192504,1925,4,-0.24
192505,1925,5,-0.24
192506,1925,6,-0.28
192507,1925,7,-0.23
192508,1925,8,-0.16
192509,1925,9,-0.12
192510,1925,10,-0.16
192511,1925,11,0.03
192512,1925,12,0.09
192601,1926,1,0.13
192602,1926,2,0
192603,1926,3,0.09
192604,1926,4,-0.1
192605,1926,5,-0.16
192606,1926,6,-0.16
192607,1926,7,-0.21
192608,1926,8,-0.11
192609,1926,9,-0.14
192610,1926,10,-0.08
192611,1926,11,-0.06
192612,1926,12,-0.2
192701,1927,1,-0.27
192702,1927,2,-0.19
192703,1927,3,-0.32
192704,1927,4,-0.26
192705,1927,5,-0.2
192706,1927,6,-0.19
192707,1927,7,-0.15
192708,1927,8,-0.14
192709,1927,9,-0.08
192710,1927,10,-0.02
192711,1927,11,-0.05
192712,1927,12,-0.24
192801,1928,1,-0.05
192802,1928,2,-0.1
192803,1928,3,-0.22
192804,1928,4,-0.23
192805,1928,5,-0.17
192806,1928,6,-0.28
192807,1928,7,-0.15
192808,1928,8,-0.18
192809,1928,9,-0.15
192810,1928,10,-0.17
192811,1928,11,-0.1
192812,1928,12,-0.14
192901,1929,1,-0.42
192902,1929,2,-0.48
192903,1929,3,-0.31
192904,1929,4,-0.35
192905,1929,5,-0.31
192906,1929,6,-0.34
192907,1929,7,-0.29
192908,1929,8,-0.23
192909,1929,9,-0.22
192910,1929,10,-0.14
192911,1929,11,-0.11
192912,1929,12,-0.45
193001,1930,1,-0.29
193002,1930,2,-0.26
193003,1930,3,-0.07
193004,1930,4,-0.18
193005,1930,5,-0.16
193006,1930,6,-0.12
193007,1930,7,-0.12
193008,1930,8,-0.1
193009,1930,9,-0.09
193010,1930,10,-0.04
193011,1930,11,0.14
193012,1930,12,-0.02
193101,1931,1,-0.07
193102,1931,2,-0.17
193103,1931,3,-0.06
193104,1931,4,-0.15
193105,1931,5,-0.13
193106,1931,6,-0.01
193107,1931,7,0
193108,1931,8,-0.01
193109,1931,9,0
193110,1931,10,0.02
193111,1931,11,-0.08
193112,1931,12,-0.05
193201,1932,1,0.1
193202,1932,2,-0.13
193203,1932,3,-0.13
193204,1932,4,-0.04
193205,1932,5,-0.14
193206,1932,6,-0.17
193207,1932,7,-0.14
193208,1932,8,-0.15
193209,1932,9,-0.1
193210,1932,10,-0.1
193211,1932,11,-0.22
193212,1932,12,-0.23
193301,1933,1,-0.26
193302,1933,2,-0.31
193303,1933,3,-0.25
193304,1933,4,-0.2
193305,1933,5,-0.24
193306,1933,6,-0.28
193307,1933,7,-0.2
193308,1933,8,-0.18
193309,1933,9,-0.26
193310,1933,10,-0.19
193311,1933,11,-0.27
193312,1933,12,-0.33
193401,1934,1,-0.25
193402,1934,2,-0.03
193403,1934,3,-0.29
193404,1934,4,-0.28
193405,1934,5,-0.07
193406,1934,6,-0.08
193407,1934,7,-0.09
193408,1934,8,-0.08
193409,1934,9,-0.11
193410,1934,10,-0.02
193411,1934,11,0.08
193412,1934,12,-0.01
193501,1935,1,-0.29
193502,1935,2,0.11
193503,1935,3,-0.12
193504,1935,4,-0.3
193505,1935,5,-0.23
193506,1935,6,-0.2
193507,1935,7,-0.15
193508,1935,8,-0.13
193509,1935,9,-0.13
193510,1935,10,-0.03
193511,1935,11,-0.22
193512,1935,12,-0.1
193601,1936,1,-0.3
193602,1936,2,-0.35
193603,1936,3,-0.2
193604,1936,4,-0.13
193605,1936,5,-0.07
193606,1936,6,-0.1
193607,1936,7,-0.05
193608,1936,8,-0.07
193609,1936,9,-0.08
193610,1936,10,-0.04
193611,1936,11,0.01
193612,1936,12,0
193701,1937,1,-0.09
193702,1937,2,0.01
193703,1937,3,-0.18
193704,1937,4,-0.11
193705,1937,5,-0.01
193706,1937,6,0.03
193707,1937,7,0.02
193708,1937,8,0.06
193709,1937,9,0.15
193710,1937,10,0.12
193711,1937,11,0.13
193712,1937,12,0.03
193801,1938,1,0.08
193802,1938,2,0.03
193803,1938,3,0.05
193804,1938,4,0.07
193805,1938,5,-0.03
193806,1938,6,-0.09
193807,1938,7,-0.06
193808,1938,8,-0.02
193809,1938,9,0.06
193810,1938,10,0.12
193811,1938,11,0.08
193812,1938,12,-0.07
193901,1939,1,-0.09
193902,1939,2,-0.1
193903,1939,3,-0.15
193904,1939,4,-0.03
193905,1939,5,-0.01
193906,1939,6,-0.01
193907,1939,7,-0.02
193908,1939,8,0.02
193909,1939,9,-0.01
193910,1939,10,-0.01
193911,1939,11,0.07
193912,1939,12,0.47
194001,1940,1,0.08
194002,1940,2,0.08
194003,1940,3,0.14
194004,1940,4,0.21
194005,1940,5,0.16
194006,1940,6,0.12
194007,1940,7,0.15
194008,1940,8,0.11
194009,1940,9,0.18
194010,1940,10,0.15
194011,1940,11,0.17
194012,1940,12,0.33
194101,1941,1,0.22
194102,1941,2,0.33
194103,1941,3,0.11
194104,1941,4,0.23
194105,1941,5,0.21
194106,1941,6,0.16
194107,1941,7,0.22
194108,1941,8,0.21
194109,1941,9,0.09
194110,1941,10,0.36
194111,1941,11,0.27
194112,1941,12,0.25
194201,1942,1,0.31
194202,1942,2,0.06
194203,1942,3,0.08
194204,1942,4,0.14
194205,1942,5,0.15
194206,1942,6,0.1
194207,1942,7,0
194208,1942,8,-0.01
194209,1942,9,0
194210,1942,10,0.04
194211,1942,11,0.09
194212,1942,12,0.12
194301,1943,1,-0.03
194302,1943,2,0.12
194303,1943,3,-0.02
194304,1943,4,0.13
194305,1943,5,0.13
194306,1943,6,-0.02
194307,1943,7,0.06
194308,1943,8,0.03
194309,1943,9,0.08
194310,1943,10,0.26
194311,1943,11,0.23
194312,1943,12,0.24
194401,1944,1,0.31
194402,1944,2,0.25
194403,1944,3,0.3
194404,1944,4,0.21
194405,1944,5,0.24
194406,1944,6,0.24
194407,1944,7,0.2
194408,1944,8,0.19
194409,1944,9,0.32
194410,1944,10,0.29
194411,1944,11,0.14
194412,1944,12,0.17
194501,1945,1,0.18
194502,1945,2,0.06
194503,1945,3,0.09
194504,1945,4,0.25
194505,1945,5,0.12
194506,1945,6,0.11
194507,1945,7,0.11
194508,1945,8,0.29
194509,1945,9,0.22
194510,1945,10,0.18
194511,1945,11,0.1
194512,1945,12,-0.03
194601,1946,1,0.17
194602,1946,2,0.01
194603,1946,3,0.02
194604,1946,4,0.07
194605,1946,5,-0.02
194606,1946,6,-0.17
194607,1946,7,-0.11
194608,1946,8,-0.12
194609,1946,9,-0.06
194610,1946,10,-0.03
194611,1946,11,-0.02
194612,1946,12,-0.21
194701,1947,1,-0.03
194702,1947,2,-0.04
194703,1947,3,0.05
194704,1947,4,0.06
194705,1947,5,0.02
194706,1947,6,0.04
194707,1947,7,-0.02
194708,1947,8,-0.09
194709,1947,9,-0.11
194710,1947,10,0.05
194711,1947,11,0
194712,1947,12,-0.05
194801,1948,1,0.02
194802,1948,2,-0.08
194803,1948,3,-0.21
194804,1948,4,-0.04
194805,1948,5,0.05
194806,1948,6,-0.02
194807,1948,7,-0.04
194808,1948,8,-0.05
194809,1948,9,-0.1
194810,1948,10,-0.05
194811,1948,11,-0.07
194812,1948,12,-0.19
194901,1949,1,0.06
194902,1949,2,-0.15
194903,1949,3,0.04
194904,1949,4,-0.06
194905,1949,5,-0.04
194906,1949,6,-0.17
194907,1949,7,-0.09
194908,1949,8,-0.05
194909,1949,9,-0.1
194910,1949,10,-0.05
194911,1949,11,-0.04
194912,1949,12,-0.11
195001,1950,1,-0.2
195002,1950,2,-0.26
195003,1950,3,-0.08
195004,1950,4,-0.16
195005,1950,5,-0.02
195006,1950,6,-0.02
195007,1950,7,-0.09
195008,1950,8,-0.09
195009,1950,9,-0.07
195010,1950,10,-0.15
195011,1950,11,-0.26
195012,1950,12,-0.12
195101,1951,1,-0.32
195102,1951,2,-0.37
195103,1951,3,-0.16
195104,1951,4,-0.1
195105,1951,5,0.04
195106,1951,6,0.03
195107,1951,7,0.1
195108,1951,8,0.11
195109,1951,9,0.16
195110,1951,10,0.13
195111,1951,11,0.03
195112,1951,12,0.21
195201,1952,1,0.13
195202,1952,2,0.1
195203,1952,3,-0.03
195204,1952,4,0.07
195205,1952,5,0.08
195206,1952,6,0.05
195207,1952,7,0.07
195208,1952,8,0.06
195209,1952,9,0.08
195210,1952,10,0.01
195211,1952,11,-0.08
195212,1952,12,0.05
195301,1953,1,0.07
195302,1953,2,0.14
195303,1953,3,0.14
195304,1953,4,0.25
195305,1953,5,0.2
195306,1953,6,0.21
195307,1953,7,0.08
195308,1953,8,0.09
195309,1953,9,0.07
195310,1953,10,0.12
195311,1953,11,0.04
195312,1953,12,0.07
195401,1954,1,-0.2
195402,1954,2,-0.06
195403,1954,3,-0.14
195404,1954,4,-0.08
195405,1954,5,-0.12
195406,1954,6,-0.07
195407,1954,7,-0.09
195408,1954,8,-0.05
195409,1954,9,-0.02
195410,1954,10,-0.01
195411,1954,11,0.09
195412,1954,12,-0.13
195501,1955,1,0.12
195502,1955,2,-0.17
195503,1955,3,-0.29
195504,1955,4,-0.2
195505,1955,5,-0.16
195506,1955,6,-0.09
195507,1955,7,-0.11
195508,1955,8,-0.03
195509,1955,9,-0.04
195510,1955,10,-0.09
195511,1955,11,-0.26
195512,1955,12,-0.27
195601,1956,1,-0.12
195602,1956,2,-0.18
195603,1956,3,-0.17
195604,1956,4,-0.26
195605,1956,5,-0.27
195606,1956,6,-0.17
195607,1956,7,-0.12
195608,1956,8,-0.19
195609,1956,9,-0.24
195610,1956,10,-0.22
195611,1956,11,-0.15
195612,1956,12,-0.02
195701,1957,1,-0.07
195702,1957,2,-0.09
195703,1957,3,-0.1
195704,1957,4,-0.05
195705,1957,5,0.05
195706,1957,6,0.15
195707,1957,7,0
195708,1957,8,0.26
195709,1957,9,0.17
195710,1957,10,0.08
195711,1957,11,0.08
195712,1957,12,0.17
195801,1958,1,0.35
195802,1958,2,0.25
195803,1958,3,0.11
195804,1958,4,0.05
195805,1958,5,0.1
195806,1958,6,-0.04
195807,1958,7,0.02
195808,1958,8,0.01
195809,1958,9,-0.03
195810,1958,10,0.04
195811,1958,11,0.03
195812,1958,12,0.08
195901,1959,1,0.07
195902,1959,2,0.1
195903,1959,3,0.19
195904,1959,4,0.17
195905,1959,5,0.04
195906,1959,6,0.11
195907,1959,7,0.08
195908,1959,8,0.04
195909,1959,9,0.09
195910,1959,10,-0.06
195911,1959,11,-0.03
195912,1959,12,0.02
196001,1960,1,0.05
196002,1960,2,0.11
196003,1960,3,-0.25
196004,1960,4,-0.09
196005,1960,5,-0.05
196006,1960,6,0.08
196007,1960,7,0.07
196008,1960,8,0.01
196009,1960,9,0.12
196010,1960,10,0.08
196011,1960,11,-0.11
196012,1960,12,0.25
196101,1961,1,0.13
196102,1961,2,0.17
196103,1961,3,0.09
196104,1961,4,0.21
196105,1961,5,0.04
196106,1961,6,0.1
196107,1961,7,0.05
196108,1961,8,0.05
196109,1961,9,0.07
196110,1961,10,-0.12
196111,1961,11,0.04
196112,1961,12,-0.1
196201,1962,1,0.07
196202,1962,2,0.1
196203,1962,3,0.16
196204,1962,4,-0.01
196205,1962,5,0.01
196206,1962,6,-0.07
196207,1962,7,0.09
196208,1962,8,0.07
196209,1962,9,-0.04
196210,1962,10,0.02
196211,1962,11,0.11
196212,1962,12,0.06
196301,1963,1,0.01
196302,1963,2,0.21
196303,1963,3,-0.13
196304,1963,4,0.01
196305,1963,5,-0.02
196306,1963,6,0.09
196307,1963,7,0.04
196308,1963,8,0.17
196309,1963,9,0.13
196310,1963,10,0.21
196311,1963,11,0.19
196312,1963,12,0.04
196401,1964,1,-0.09
196402,1964,2,-0.11
196403,1964,3,-0.15
196404,1964,4,-0.24
196405,1964,5,-0.15
196406,1964,6,-0.05
196407,1964,7,-0.01
196408,1964,8,-0.19
196409,1964,9,-0.15
196410,1964,10,-0.27
196411,1964,11,-0.2
196412,1964,12,-0.24
196501,1965,1,-0.09
196502,1965,2,-0.16
196503,1965,3,-0.11
196504,1965,4,-0.11
196505,1965,5,-0.2
196506,1965,6,-0.08
196507,1965,7,-0.01
196508,1965,8,0.01
196509,1965,9,-0.07
196510,1965,10,0.01
196511,1965,11,0.03
196512,1965,12,-0.03
196601,1966,1,-0.14
196602,1966,2,-0.05
196603,1966,3,-0.03
196604,1966,4,-0.07
196605,1966,5,-0.11
196606,1966,6,0.1
196607,1966,7,0.09
196608,1966,8,-0.03
196609,1966,9,0.05
196610,1966,10,-0.14
196611,1966,11,0.01
196612,1966,12,0.01
196701,1967,1,-0.11
196702,1967,2,-0.16
196703,1967,3,0.04
196704,1967,4,0
196705,1967,5,0.21
196706,1967,6,0.02
196707,1967,7,-0.03
196708,1967,8,0.08
196709,1967,9,-0.04
196710,1967,10,0.11
196711,1967,11,-0.04
196712,1967,12,0.03
196801,1968,1,-0.19
196802,1968,2,-0.1
196803,1968,3,0.17
196804,1968,4,-0.05
196805,1968,5,-0.17
196806,1968,6,-0.14
196807,1968,7,-0.05
196808,1968,8,-0.03
196809,1968,9,-0.11
196810,1968,10,0.03
196811,1968,11,-0.05
196812,1968,12,-0.07
196901,1969,1,-0.09
196902,1969,2,-0.11
196903,1969,3,0.08
196904,1969,4,0.11
196905,1969,5,0.18
196906,1969,6,0
196907,1969,7,0.1
196908,1969,8,0.1
196909,1969,9,0.14
196910,1969,10,0.1
196911,1969,11,0.15
196912,1969,12,0.32
197001,1970,1,0.15
197002,1970,2,0.21
197003,1970,3,0.07
197004,1970,4,0.08
197005,1970,5,0.05
197006,1970,6,0.05
197007,1970,7,0.02
197008,1970,8,0.03
197009,1970,9,0.06
197010,1970,10,-0.03
197011,1970,11,0.04
197012,1970,12,-0.1
197101,1971,1,-0.02
197102,1971,2,-0.15
197103,1971,3,-0.09
197104,1971,4,-0.09
197105,1971,5,-0.03
197106,1971,6,-0.07
197107,1971,7,-0.01
197108,1971,8,-0.03
197109,1971,9,0.01
197110,1971,10,-0.07
197111,1971,11,-0.05
197112,1971,12,-0.05
197201,1972,1,-0.24
197202,1972,2,-0.16
197203,1972,3,0.06
197204,1972,4,0.05
197205,1972,5,0
197206,1972,6,0.07
197207,1972,7,0.06
197208,1972,8,0.09
197209,1972,9,0.03
197210,1972,10,0.11
197211,1972,11,0.06
197212,1972,12,0.14
197301,1973,1,0.34
197302,1973,2,0.38
197303,1973,3,0.34
197304,1973,4,0.28
197305,1973,5,0.24
197306,1973,6,0.25
197307,1973,7,0.15
197308,1973,8,0.13
197309,1973,9,0.11
197310,1973,10,0.06
197311,1973,11,0.02
197312,1973,12,0.04
197401,1974,1,-0.08
197402,1974,2,-0.24
197403,1974,3,-0.01
197404,1974,4,-0.06
197405,1974,5,-0.02
197406,1974,6,-0.06
197407,1974,7,0.03
197408,1974,8,0.04
197409,1974,9,-0.02
197410,1974,10,-0.06
197411,1974,11,-0.09
197412,1974,12,-0.06
197501,1975,1,0.06
197502,1975,2,0.08
197503,1975,3,0.11
197504,1975,4,0.11
197505,1975,5,0.08
197506,1975,6,0.06
197507,1975,7,0.03
197508,1975,8,-0.02
197509,1975,9,0.03
197510,1975,10,-0.12
197511,1975,11,-0.17
197512,1975,12,-0.1
197601,1976,1,-0.01
197602,1976,2,-0.08
197603,1976,3,-0.13
197604,1976,4,0.04
197605,1976,5,-0.12
197606,1976,6,-0.05
197607,1976,7,-0.03
197608,1976,8,0
197609,1976,9,0.03
197610,1976,10,-0.16
197611,1976,11,-0.03
197612,1976,12,0.12
197701,1977,1,0.2
197702,1977,2,0.22
197703,1977,3,0.24
197704,1977,4,0.28
197705,1977,5,0.28
197706,1977,6,0.26
197707,1977,7,0.18
197708,1977,8,0.16
197709,1977,9,0.2
197710,1977,10,0.12
197711,1977,11,0.23
197712,1977,12,0.11
197801,1978,1,0.15
197802,1978,2,0.15
197803,1978,3,0.22
197804,1978,4,0.14
197805,1978,5,0.1
197806,1978,6,0.04
197807,1978,7,0.06
197808,1978,8,0
197809,1978,9,0.09
197810,1978,10,0.06
197811,1978,11,0.2
197812,1978,12,0.11
197901,1979,1,0.14
197902,1979,2,-0.06
197903,1979,3,0.2
197904,1979,4,0.1
197905,1979,5,0.17
197906,1979,6,0.23
197907,1979,7,0.23
197908,1979,8,0.25
197909,1979,9,0.27
197910,1979,10,0.31
197911,1979,11,0.31
197912,1979,12,0.5
198001,1980,1,0.35
198002,1980,2,0.42
198003,1980,3,0.31
198004,1980,4,0.32
198005,1980,5,0.38
198006,1980,6,0.28
198007,1980,7,0.27
198008,1980,8,0.22
198009,1980,9,0.2
198010,1980,10,0.2
198011,1980,11,0.27
198012,1980,12,0.23
198101,1981,1,0.55
198102,1981,2,0.43
198103,1981,3,0.44
198104,1981,4,0.37
198105,1981,5,0.31
198106,1981,6,0.33
198107,1981,7,0.26
198108,1981,8,0.26
198109,1981,9,0.23
198110,1981,10,0.25
198111,1981,11,0.31
198112,1981,12,0.44
198201,1982,1,0.11
198202,1982,2,0.21
198203,1982,3,0.11
198204,1982,4,0.21
198205,1982,5,0.17
198206,1982,6,0.15
198207,1982,7,0.18
198208,1982,8,0.15
198209,1982,9,0.23
198210,1982,10,0.18
198211,1982,11,0.12
198212,1982,12,0.4
198301,1983,1,0.51
198302,1983,2,0.46
198303,1983,3,0.44
198304,1983,4,0.25
198305,1983,5,0.28
198306,1983,6,0.3
198307,1983,7,0.31
198308,1983,8,0.36
198309,1983,9,0.34
198310,1983,10,0.23
198311,1983,11,0.37
198312,1983,12,0.27
198401,1984,1,0.31
198402,1984,2,0.22
198403,1984,3,0.28
198404,1984,4,0.12
198405,1984,5,0.31
198406,1984,6,0.17
198407,1984,7,0.15
198408,1984,8,0.19
198409,1984,9,0.2
198410,1984,10,0.2
198411,1984,11,0.1
198412,1984,12,0.06
198501,1985,1,0.28
198502,1985,2,0.07
198503,1985,3,0.24
198504,1985,4,0.12
198505,1985,5,0.22
198506,1985,6,0.16
198507,1985,7,0.1
198508,1985,8,0.15
198509,1985,9,0.16
198510,1985,10,0.15
198511,1985,11,0.14
198512,1985,12,0.17
198601,1986,1,0.23
198602,1986,2,0.38
198603,1986,3,0.33
198604,1986,4,0.27
198605,1986,5,0.35
198606,1986,6,0.21
198607,1986,7,0.13
198608,1986,8,0.14
198609,1986,9,0.03
198610,1986,10,0.18
198611,1986,11,0.13
198612,1986,12,0.16
198701,1987,1,0.3
198702,1987,2,0.36
198703,1987,3,0.15
198704,1987,4,0.21
198705,1987,5,0.33
198706,1987,6,0.39
198707,1987,7,0.46
198708,1987,8,0.34
198709,1987,9,0.39
198710,1987,10,0.34
198711,1987,11,0.26
198712,1987,12,0.47
198801,1988,1,0.53
198802,1988,2,0.46
198803,1988,3,0.46
198804,1988,4,0.45
198805,1988,5,0.48
198806,1988,6,0.4
198807,1988,7,0.38
198808,1988,8,0.5
198809,1988,9,0.41
198810,1988,10,0.4
198811,1988,11,0.16
198812,1988,12,0.32
198901,1989,1,0.12
198902,1989,2,0.32
198903,1989,3,0.36
198904,1989,4,0.4
198905,1989,5,0.24
198906,1989,6,0.27
198907,1989,7,0.33
198908,1989,8,0.32
198909,1989,9,0.4
198910,1989,10,0.34
198911,1989,11,0.18
198912,1989,12,0.4
199001,1990,1,0.4
199002,1990,2,0.37
199003,1990,3,0.78
199004,1990,4,0.61
199005,1990,5,0.5
199006,1990,6,0.41
199007,1990,7,0.36
199008,1990,8,0.37
199009,1990,9,0.3
199010,1990,10,0.41
199011,1990,11,0.41
199012,1990,12,0.41
199101,1991,1,0.42
199102,1991,2,0.51
199103,1991,3,0.38
199104,1991,4,0.58
199105,1991,5,0.43
199106,1991,6,0.55
199107,1991,7,0.41
199108,1991,8,0.37
199109,1991,9,0.39
199110,1991,10,0.32
199111,1991,11,0.3
199112,1991,12,0.32
199201,1992,1,0.44
199202,1992,2,0.41
199203,1992,3,0.45
199204,1992,4,0.23
199205,1992,5,0.37
199206,1992,6,0.27
199207,1992,7,0.13
199208,1992,8,0.11
199209,1992,9,0.06
199210,1992,10,0.02
199211,1992,11,0.05
199212,1992,12,0.21
199301,1993,1,0.34
199302,1993,2,0.39
199303,1993,3,0.38
199304,1993,4,0.36
199305,1993,5,0.31
199306,1993,6,0.32
199307,1993,7,0.31
199308,1993,8,0.11
199309,1993,9,0.21
199310,1993,10,0.22
199311,1993,11,0.1
199312,1993,12,0.18
199401,1994,1,0.21
199402,1994,2,0.06
199403,1994,3,0.3
199404,1994,4,0.41
199405,1994,5,0.32
199406,1994,6,0.43
199407,1994,7,0.31
199408,1994,8,0.26
199409,1994,9,0.27
199410,1994,10,0.45
199411,1994,11,0.42
199412,1994,12,0.4
199501,1995,1,0.55
199502,1995,2,0.77
199503,1995,3,0.48
199504,1995,4,0.51
199505,1995,5,0.32
199506,1995,6,0.49
199507,1995,7,0.44
199508,1995,8,0.49
199509,1995,9,0.44
199510,1995,10,0.44
199511,1995,11,0.48
199512,1995,12,0.31
199601,1996,1,0.28
199602,1996,2,0.48
199603,1996,3,0.36
199604,1996,4,0.37
199605,1996,5,0.34
199606,1996,6,0.37
199607,1996,7,0.35
199608,1996,8,0.43
199609,1996,9,0.27
199610,1996,10,0.17
199611,1996,11,0.43
199612,1996,12,0.37
199701,1997,1,0.29
199702,1997,2,0.39
199703,1997,3,0.51
199704,1997,4,0.41
199705,1997,5,0.41
199706,1997,6,0.56
199707,1997,7,0.41
199708,1997,8,0.47
199709,1997,9,0.59
199710,1997,10,0.68
199711,1997,11,0.65
199712,1997,12,0.59
199801,1998,1,0.58
199802,1998,2,0.83
199803,1998,3,0.67
199804,1998,4,0.7
199805,1998,5,0.69
199806,1998,6,0.75
199807,1998,7,0.69
199808,1998,8,0.68
199809,1998,9,0.47
199810,1998,10,0.43
199811,1998,11,0.44
199812,1998,12,0.58
199901,1999,1,0.49
199902,1999,2,0.63
199903,1999,3,0.39
199904,1999,4,0.36
199905,1999,5,0.33
199906,1999,6,0.37
199907,1999,7,0.41
199908,1999,8,0.33
199909,1999,9,0.45
199910,1999,10,0.37
199911,1999,11,0.38
199912,1999,12,0.47
200001,2000,1,0.34
200002,2000,2,0.56
200003,2000,3,0.58
200004,2000,4,0.61
200005,2000,5,0.38
200006,2000,6,0.36
200007,2000,7,0.41
200008,2000,8,0.45
200009,2000,9,0.43
200010,2000,10,0.33
200011,2000,11,0.33
200012,2000,12,0.3
200101,2001,1,0.43
200102,2001,2,0.46
200103,2001,3,0.56
200104,2001,4,0.55
200105,2001,5,0.58
200106,2001,6,0.54
200107,2001,7,0.62
200108,2001,8,0.48
200109,2001,9,0.58
200110,2001,10,0.47
200111,2001,11,0.71
200112,2001,12,0.63
200201,2002,1,0.68
200202,2002,2,0.7
200203,2002,3,0.85
200204,2002,4,0.56
200205,2002,5,0.66
200206,2002,6,0.53
200207,2002,7,0.59
200208,2002,8,0.53
200209,2002,9,0.66
200210,2002,10,0.56
200211,2002,11,0.61
200212,2002,12,0.5
200301,2003,1,0.71
200302,2003,2,0.57
200303,2003,3,0.61
200304,2003,4,0.6
200305,2003,5,0.63
200306,2003,6,0.51
200307,2003,7,0.6
200308,2003,8,0.59
200309,2003,9,0.65
200310,2003,10,0.77
200311,2003,11,0.55
200312,2003,12,0.75
200401,2004,1,0.58
200402,2004,2,0.67
200403,2004,3,0.66
200404,2004,4,0.65
200405,2004,5,0.42
200406,2004,6,0.47
200407,2004,7,0.32
200408,2004,8,0.43
200409,2004,9,0.52
200410,2004,10,0.6
200411,2004,11,0.72
200412,2004,12,0.49
200501,2005,1,0.74
200502,2005,2,0.62
200503,2005,3,0.76
200504,2005,4,0.7
200505,2005,5,0.7
200506,2005,6,0.66
200507,2005,7,0.65
200508,2005,8,0.59
200509,2005,9,0.73
200510,2005,10,0.75
200511,2005,11,0.78
200512,2005,12,0.74
200601,2006,1,0.63
200602,2006,2,0.8
200603,2006,3,0.67
200604,2006,4,0.52
200605,2006,5,0.52
200606,2006,6,0.65
200607,2006,7,0.55
200608,2006,8,0.72
200609,2006,9,0.69
200610,2006,10,0.68
200611,2006,11,0.72
200612,2006,12,0.77
200701,2007,1,0.93
200702,2007,2,0.72
200703,2007,3,0.69
200704,2007,4,0.8
200705,2007,5,0.65
200706,2007,6,0.57
200707,2007,7,0.58
200708,2007,8,0.58
200709,2007,9,0.61
200710,2007,10,0.61
200711,2007,11,0.58
200712,2007,12,0.52
200801,2008,1,0.29
200802,2008,2,0.35
200803,2008,3,0.74
200804,2008,4,0.52
200805,2008,5,0.52
200806,2008,6,0.51
200807,2008,7,0.56
200808,2008,8,0.48
200809,2008,9,0.63
200810,2008,10,0.69
200811,2008,11,0.71
200812,2008,12,0.57
200901,2009,1,0.66
200902,2009,2,0.52
200903,2009,3,0.54
200904,2009,4,0.59
200905,2009,5,0.62
200906,2009,6,0.63
200907,2009,7,0.71
200908,2009,8,0.71
200909,2009,9,0.74
200910,2009,10,0.69
200911,2009,11,0.81
200912,2009,12,0.7
201001,2010,1,0.74
201002,2010,2,0.82
201003,2010,3,0.9
201004,2010,4,0.89
201005,2010,5,0.78
201006,2010,6,0.7
201007,2010,7,0.66
201008,2010,8,0.66
201009,2010,9,0.62
201010,2010,10,0.67
201011,2010,11,0.79
201012,2010,12,0.51
201101,2011,1,0.55
201102,2011,2,0.51
201103,2011,3,0.67
201104,2011,4,0.65
201105,2011,5,0.55
201106,2011,6,0.63
201107,2011,7,0.72
201108,2011,8,0.7
201109,2011,9,0.6
201110,2011,10,0.71
201111,2011,11,0.59
201112,2011,12,0.61
201201,2012,1,0.48
201202,2012,2,0.54
201203,2012,3,0.54
201204,2012,4,0.75
201205,2012,5,0.75
201206,2012,6,0.66
201207,2012,7,0.63
201208,2012,8,0.64
201209,2012,9,0.75
201210,2012,10,0.78
201211,2012,11,0.79
201212,2012,12,0.56
201301,2013,1,0.7
201302,2013,2,0.62
201303,2013,3,0.68
201304,2013,4,0.57
201305,2013,5,0.66
201306,2013,6,0.67
201307,2013,7,0.61
201308,2013,8,0.7
201309,2013,9,0.77
201310,2013,10,0.68
201311,2013,11,0.81
201312,2013,12,0.72
201401,2014,1,0.74
201402,2014,2,0.57
201403,2014,3,0.82
201404,2014,4,0.85
201405,2014,5,0.87
201406,2014,6,0.72
201407,2014,7,0.61
201408,2014,8,0.82
201409,2014,9,0.87
201410,2014,10,0.81
201411,2014,11,0.68
201412,2014,12,0.79
201501,2015,1,0.82
201502,2015,2,0.89
201503,2015,3,0.97
201504,2015,4,0.81
201505,2015,5,0.82
201506,2015,6,0.87
201507,2015,7,0.76
201508,2015,8,0.83
201509,2015,9,0.91
201510,2015,10,1.1
201511,2015,11,1.06
201512,2015,12,1.13
201601,2016,1,1.22
201602,2016,2,1.33
201603,2016,3,1.34
201604,2016,4,1.14
201605,2016,5,0.99
201606,2016,6,0.83
201607,2016,7,0.85
201608,2016,8,0.96
201609,2016,9,0.92
201610,2016,10,0.88
201611,2016,11,0.94
201612,2016,12,0.9
201701,2017,1,1.05
201702,2017,2,1.11
201703,2017,3,1.17
201704,2017,4,0.97
201705,2017,5,0.9
201706,2017,6,0.76
201707,2017,7,0.82
201708,2017,8,0.88
201709,2017,9,0.83
201710,2017,10,0.91
201711,2017,11,0.91
201712,2017,12,0.98
201801,2018,1,0.83
201802,2018,2,0.89
201803,2018,3,0.93
201804,2018,4,0.89
201805,2018,5,0.81
201806,2018,6,0.75
201807,2018,7,0.8
201808,2018,8,0.75
201809,2018,9,0.81
201810,2018,10,1.05
201811,2018,11,0.83
201812,2018,12,0.93
201901,2019,1,0.91
201902,2019,2,0.91
201903,2019,3,1.16
201904,2019,4,1.02
201905,2019,5,0.9
201906,2019,6,0.9
201907,2019,7,0.91
201908,2019,8,0.91
201909,2019,9,0.96
201910,2019,10,1
201911,2019,11,0.99
201912,2019,12,1.09
202001,2020,1,1.13
202002,2020,2,1.19
202003,2020,3,1.16
202004,2020,4,1.13
202005,2020,5,0.99
202006,2020,6,0.92
202007,2020,7,0.9
202008,2020,8,0.89
202009,2020,9,0.97
202010,2020,10,0.9
202011,2020,11,1.05
202012,2020,12,0.83
202101,2021,1,0.83
202102,2021,2,0.65
202103,2021,3,0.88
202104,2021,4,0.79
202105,2021,5,0.8
202106,2021,6,0.85
202107,2021,7,0.91
202108,2021,8,0.83
202109,2021,9,0.91
202110,2021,10,0.99
202111,2021,11,0.95
202112,2021,12,0.86
202201,2022,1,0.92
202202,2022,2,0.91
202203,2022,3,1.11
202204,2022,4,0.89
202205,2022,5,0.86
202206,2022,6,0.89
202207,2022,7,0.89
202208,2022,8,0.93
202209,2022,9,0.9
202210,2022,10,0.97
202211,2022,11,0.75
202212,2022,12,0.84
202301,2023,1,0.87
202302,2023,2,1
202303,2023,3,1.23
202304,2023,4,0.98
202305,2023,5,0.97
