year,month,average_ppm
1850,1,284.9446562
1850,2,285.3337918
1850,3,285.6828253
1850,4,285.9311789
1850,5,285.8859284
1850,6,285.1664098
1850,7,283.5354352
1850,8,281.936465
1850,9,281.9010506
1850,10,282.941449
1850,11,283.9505874
1850,12,284.5942209
1851,1,285.0621863
1851,2,285.4546126
1851,3,285.8070196
1851,4,286.0587456
1851,5,286.0166887
1851,6,285.300121
1851,7,283.6719926
1851,8,282.0757387
1851,9,282.0426887
1851,10,283.0851642
1851,11,284.0960266
1851,12,284.7410136
1852,1,285.2100383
1852,2,285.6031281
1852,3,285.9558878
1852,4,286.2076886
1852,5,286.1653578
1852,6,285.448222
1852,7,283.8195054
1852,8,282.2226858
1852,9,282.1888641
1852,10,283.2304444
1852,11,284.2402286
1852,12,284.8839471
1853,1,285.3515463
1853,2,285.7430889
1853,3,286.0942212
1853,4,286.344358
1853,5,286.3002771
1853,6,285.5813688
1853,7,283.9511191
1853,8,282.3530427
1853,9,282.3179987
1853,10,283.3584272
1853,11,284.367037
1853,12,285.009513
1854,1,285.4757809
1854,2,285.8659219
1854,3,286.2155683
1854,4,286.4641352
1854,5,286.4183194
1854,6,285.6975279
1854,7,284.0654355
1854,8,282.465574
1854,9,282.4286343
1854,10,283.4671375
1854,11,284.4737613
1854,12,285.1142013
1855,1,285.5784049
1855,2,285.9665401
1855,3,286.314267
1855,4,286.5610497
1855,5,286.513567
1855,6,285.791289
1855,7,284.1580954
1855,8,282.5575664
1855,9,282.5202486
1855,10,283.5587183
1855,11,284.5656163
1855,12,285.2066348
1856,1,285.6717931
1856,2,286.0611787
1856,3,286.41053
1856,4,286.6593441
1856,5,286.614257
1856,6,285.8947881
1856,7,284.2650273
1856,8,282.6685775
1856,9,282.6357267
1856,10,283.6789962
1856,11,284.6908672
1856,12,285.3369114
1857,1,285.8071838
1857,2,286.2014091
1857,3,286.5553706
1857,4,286.8084905
1857,5,286.7672209
1857,6,286.0510293
1857,7,284.424185
1857,8,282.8302422
1857,9,282.7992596
1857,10,283.8438989
1857,11,284.8566318
1857,12,285.5030756
1858,1,285.9734285
1858,2,286.367388
1858,3,286.7208902
1858,4,286.9734605
1858,5,286.9315385
1858,6,286.2147189
1858,7,284.5876454
1858,8,282.9939738
1858,9,282.9634879
1858,10,284.0088948
1858,11,285.0225514
1858,12,285.6700192
1859,1,286.1415452
1859,2,286.5366916
1859,3,286.891454
1859,4,287.1453629
1859,5,287.1047398
1859,6,286.389211
1859,7,284.7637144
1859,8,283.1719199
1859,9,283.1432972
1859,10,284.1906147
1859,11,285.2061195
1859,12,285.8553265
1860,1,286.3285615
1860,2,286.7252252
1860,3,287.0814033
1860,4,287.3366462
1860,5,287.2971583
1860,6,286.5826143
1860,7,284.95829
1860,8,283.3678828
1860,9,283.3405111
1860,10,284.388992
1860,11,285.4054331
1860,12,286.0552788
1861,1,286.528879
1861,2,286.9255323
1861,3,287.28136
1861,4,287.5359123
1861,5,287.495257
1861,6,286.7790974
1861,7,285.1530273
1861,8,283.5607546
1861,9,283.5310936
1861,10,284.5770256
1861,11,285.5906369
1861,12,286.2374205
1862,1,286.7078087
1862,2,287.101245
1862,3,287.4539441
1862,4,287.7055701
1862,5,287.662188
1862,6,286.94364
1862,7,285.3159085
1862,8,283.7228207
1862,9,283.69292
1862,10,284.7391779
1862,11,285.753503
1862,12,286.4012704
1863,1,286.8728845
1863,2,287.2676245
1863,3,287.6216871
1863,4,287.8746797
1863,5,287.83249
1863,6,287.1149283
1863,7,285.4882009
1863,8,283.8960861
1863,9,283.8668007
1863,10,284.9134256
1863,11,285.9278196
1863,12,286.5753692
1864,1,287.0434611
1864,2,287.4380465
1864,3,287.792243
1864,4,288.0455233
1864,5,288.0045069
1864,6,287.2886869
1864,7,285.6621116
1864,8,284.0683714
1864,9,284.0378157
1864,10,285.0830012
1864,11,286.0964516
1864,12,286.7437767
1865,1,287.2172453
1865,2,287.6119354
1865,3,287.9658939
1865,4,288.2187228
1865,5,288.1763707
1865,6,287.4586291
1865,7,285.8315444
1865,8,284.2388855
1865,9,284.2090347
1865,10,285.2550451
1865,11,286.2688424
1865,12,286.9158465
1866,1,287.3860821
1866,2,287.7798525
1866,3,288.132969
1866,4,288.3850804
1866,5,288.3422084
1866,6,287.6241855
1866,7,285.9970439
1866,8,284.4045977
1866,9,284.3753213
1866,10,285.4221962
1866,11,286.4370935
1866,12,287.0853652
1867,1,287.5555669
1867,2,287.9509127
1867,3,288.3057107
1867,4,288.5594359
1867,5,288.518401
1867,6,287.802167
1867,7,286.1755072
1867,8,284.5820338
1867,9,284.5512959
1867,10,285.596036
1867,11,286.60855
1867,12,287.254378
1868,1,287.7245587
1868,2,288.116981
1868,3,288.4684563
1868,4,288.7185842
1868,5,288.6734366
1868,6,287.9527757
1868,7,286.3223507
1868,8,284.7259202
1868,9,284.6921901
1868,10,285.734151
1868,11,286.7438454
1868,12,287.3867452
1869,1,287.8528564
1869,2,288.2425301
1869,3,288.5915481
1869,4,288.8395479
1869,5,288.7926608
1869,6,288.0706827
1869,7,286.4393513
1869,8,284.8424622
1869,9,284.8088065
1869,10,285.8513236
1869,11,286.8619969
1869,12,287.5062285
1870,1,287.9742082
1870,2,288.365645
1870,3,288.7165089
1870,4,288.9663746
1870,5,288.9212465
1870,6,288.2008709
1870,7,286.5710722
1870,8,284.9755868
1870,9,284.9429816
1870,10,285.9862492
1870,11,286.9973908
1870,12,287.6418598
1871,1,288.110436
1871,2,288.5018016
1871,3,288.8525335
1871,4,289.1023236
1871,5,289.0570725
1871,6,288.3366901
1871,7,286.7076335
1871,8,285.1137697
1871,9,285.0831937
1871,10,286.1290203
1871,11,287.1430147
1871,12,287.7905052
1872,1,288.2667974
1872,2,288.6607278
1872,3,289.0135222
1872,4,289.2651607
1872,5,289.2201859
1872,6,288.4991429
1872,7,286.8726231
1872,8,285.2848835
1872,9,285.2599483
1872,10,286.3118383
1872,11,287.3309763
1872,12,287.9821875
1873,1,288.4600378
1873,2,288.8554294
1873,3,289.2089581
1873,4,289.4608551
1873,5,289.4147025
1873,6,288.6915517
1873,7,287.0650733
1873,8,285.4798496
1873,9,285.4569498
1873,10,286.5111081
1873,11,287.5318309
1873,12,288.1836473
1874,1,288.6564719
1874,2,289.0517853
1874,3,289.4055162
1874,4,289.6578748
1874,5,289.6128571
1874,6,288.8914019
1874,7,287.2661435
1874,8,285.6816168
1874,9,285.6600197
1874,10,286.7158462
1874,11,287.7388568
1874,12,288.3936035
1875,1,288.8705516
1875,2,289.2695267
1875,3,289.6269899
1875,4,289.8830065
1875,5,289.8415994
1875,6,289.1235264
1875,7,287.5008746
1875,8,285.9180232
1875,9,285.8974816
1875,10,286.9535995
1875,11,287.9763577
1875,12,288.6304562
1876,1,289.1080534
1876,2,289.5055875
1876,3,289.8612361
1876,4,290.1152354
1876,5,290.0714239
1876,6,289.3508048
1876,7,287.7264657
1876,8,286.1429783
1876,9,286.1220823
1876,10,287.1783902
1876,11,288.2015679
1876,12,288.8561678
1877,1,289.343187
1877,2,289.7400448
1877,3,290.09399
1877,4,290.3458767
1877,5,290.2970354
1877,6,289.5697459
1877,7,287.9450146
1877,8,286.3682234
1877,9,286.3534524
1877,10,287.417053
1877,11,288.4461245
1877,12,289.1042453
1878,1,289.5908331
1878,2,289.9875458
1878,3,290.3402571
1878,4,290.5902684
1878,5,290.5371073
1878,6,289.8039746
1878,7,288.1775768
1878,8,286.6038812
1878,9,286.5914586
1878,10,287.6579267
1878,11,288.6886242
1878,12,289.3465392
1879,1,289.8309382
1879,2,290.2247568
1879,3,290.5738852
1879,4,290.8201147
1879,5,290.761567
1879,6,290.0223323
1879,7,288.3940351
1879,8,286.8232495
1879,9,286.8140156
1879,10,287.8850978
1879,11,288.9202411
1879,12,289.581759
1880,1,290.0650542
1880,2,290.461613
1880,3,290.8135208
1880,4,291.0625677
1880,5,291.0064037
1880,6,290.2692167
1880,7,288.6437272
1880,8,287.0765367
1880,9,287.0704396
1880,10,288.1443805
1880,11,289.1817467
1880,12,289.8447851
1881,1,290.3291646
1881,2,290.72618
1881,3,291.0782232
1881,4,291.32726
1881,5,291.2706443
1881,6,290.5328393
1881,7,288.9078439
1881,8,287.3424648
1881,9,287.3384218
1881,10,288.4149938
1881,11,289.4551341
1881,12,290.1208217
1882,1,290.6090978
1882,2,291.0080501
1882,3,291.3615138
1882,4,291.6115159
1882,5,291.5545819
1882,6,290.8154235
1882,7,289.1901772
1882,8,287.6257653
1882,9,287.6216142
1882,10,288.6973922
1882,11,289.7353814
1882,12,290.3974779
1883,1,290.8777064
1883,2,291.2715015
1883,3,291.6196762
1883,4,291.8643979
1883,5,291.8025695
1883,6,291.0589934
1883,7,289.4293935
1883,8,287.8608181
1883,9,287.8534611
1883,10,288.9270396
1883,11,289.9640598
1883,12,290.6263736
1884,1,291.1060478
1884,2,291.5022693
1884,3,291.8538329
1884,4,292.1026174
1884,5,292.0460267
1884,6,291.308408
1884,7,289.6833534
1884,8,288.1175737
1884,9,288.1130649
1884,10,289.1889755
1884,11,290.2283946
1884,12,290.8934264
1885,1,291.3765623
1885,2,291.775897
1885,3,292.1305983
1885,4,292.3824439
1885,5,292.3292995
1885,6,291.5952924
1885,7,289.9725977
1885,8,288.4077903
1885,9,288.4042564
1885,10,289.4808419
1885,11,290.5211022
1885,12,291.1873085
1886,1,291.6734747
1886,2,292.0742414
1886,3,292.4302908
1886,4,292.6833937
1886,5,292.6314192
1886,6,291.8984856
1886,7,290.2767381
1886,8,288.7127442
1886,9,288.7099097
1886,10,289.7870702
1886,11,290.8278004
1886,12,291.4944222
1887,1,291.9776615
1887,2,292.3793891
1887,3,292.7369214
1887,4,292.9918572
1887,5,292.9429612
1887,6,292.2139549
1887,7,290.5943179
1887,8,289.0303801
1887,9,289.0282024
1887,10,290.1060669
1887,11,291.1484303
1887,12,291.8178468
1888,1,292.3085281
1888,2,292.7141903
1888,3,293.0756367
1888,4,293.3343989
1888,5,293.2889713
1888,6,292.5630513
1888,7,290.9465268
1888,8,289.3856733
1888,9,289.3859458
1888,10,290.4656323
1888,11,291.5089553
1888,12,292.1784788
1889,1,292.6731504
1889,2,293.0768892
1889,3,293.435357
1889,4,293.6905347
1889,5,293.6397182
1889,6,292.9074011
1889,7,291.2877673
1889,8,289.727643
1889,9,289.72857
1889,10,290.8098739
1889,11,291.85452
1889,12,292.5245639
1890,1,293.0147246
1890,2,293.4183926
1890,3,293.777031
1890,4,294.0326113
1890,5,293.9823051
1890,6,293.2506206
1890,7,291.6320009
1890,8,290.0732696
1890,9,290.0756549
1890,10,291.158514
1890,11,292.2046876
1890,12,292.8761756
1891,1,293.3691492
1891,2,293.7738532
1891,3,294.1332455
1891,4,294.3893983
1891,5,294.3390167
1891,6,293.6068293
1891,7,291.9887039
1891,8,290.4315997
1891,9,290.4353442
1891,10,291.5195978
1891,11,292.5667224
1891,12,293.2385272
1892,1,293.7221005
1892,2,294.1273128
1892,3,294.4878735
1892,4,294.7453338
1892,5,294.6982539
1892,6,293.9703409
1892,7,292.3513942
1892,8,290.7877059
1892,9,290.7848732
1892,10,291.8611869
1892,11,292.900925
1892,12,293.5666866
1893,1,294.0417986
1893,2,294.4439136
1893,3,294.802708
1893,4,295.0591633
1893,5,295.0145861
1893,6,294.2914152
1893,7,292.6711357
1893,8,291.0992662
1893,9,291.0896146
1893,10,292.1587177
1893,11,293.1936646
1893,12,293.8580036
1894,1,294.3409077
1894,2,294.7458617
1894,3,295.1082683
1894,4,295.3687002
1894,5,295.329049
1894,6,294.6111355
1894,7,292.9937171
1894,8,291.4218426
1894,9,291.4115413
1894,10,292.4785867
1894,11,293.5106841
1894,12,294.1716927
1895,1,294.6507527
1895,2,295.051801
1895,3,295.4101345
1895,4,295.6663473
1895,5,295.6233006
1895,6,294.9026367
1895,7,293.2809187
1895,8,291.7031583
1895,9,291.6879179
1895,10,292.7506533
1895,11,293.780056
1895,12,294.4403091
1896,1,294.9239844
1896,2,295.3267471
1896,3,295.6873218
1896,4,295.9461638
1896,5,295.9056797
1896,6,295.1874397
1896,7,293.5686074
1896,8,291.9940752
1896,9,291.9814293
1896,10,293.0461001
1896,11,294.0763194
1896,12,294.7361179
1897,1,295.218071
1897,2,295.6185151
1897,3,295.9762205
1897,4,296.23189
1897,5,296.1879554
1897,6,295.4662812
1897,7,293.8447964
1897,8,292.2686545
1897,9,292.2551015
1897,10,293.3198944
1897,11,294.3512845
1897,12,295.0133206
1898,1,295.4957858
1898,2,295.9005878
1898,3,296.2636313
1898,4,296.5253059
1898,5,296.4883743
1898,6,295.7742522
1898,7,294.1590524
1898,8,292.587576
1898,9,292.57846
1898,10,293.6469186
1898,11,294.6815486
1898,12,295.3464916
1899,1,295.836768
1899,2,296.2431643
1899,3,296.6069236
1899,4,296.8687857
1899,5,296.8307966
1899,6,296.1149468
1899,7,294.500189
1899,8,292.9317395
1899,9,292.9257625
1899,10,293.9982026
1899,11,295.0369162
1899,12,295.7057881
1900,1,296.2059639
1900,2,296.6148095
1900,3,296.9802865
1900,4,297.2433543
1900,5,297.2046534
1900,6,296.4867289
1900,7,294.8725288
1900,8,293.3075828
1900,9,293.3039809
1900,10,294.3784597
1900,11,295.4174329
1900,12,296.0841997
1901,1,296.5744285
1901,2,296.977942
1901,3,297.3368686
1901,4,297.5925454
1901,5,297.545069
1901,6,296.8176233
1901,7,295.1958702
1901,8,293.6258325
1901,9,293.6174466
1901,10,294.6882312
1901,11,295.7240336
1901,12,296.3880846
1902,1,296.8745614
1902,2,297.2774974
1902,3,297.6375069
1902,4,297.8958056
1902,5,297.8519195
1902,6,297.1288391
1902,7,295.5126954
1902,8,293.9492714
1902,9,293.9474188
1902,10,295.0245086
1902,11,296.0658101
1902,12,296.7341348
1903,1,297.2192844
1903,2,297.6237668
1903,3,297.9838012
1903,4,298.240515
1903,5,298.1945499
1903,6,297.4687898
1903,7,295.8471119
1903,8,294.2753433
1903,9,294.2651185
1903,10,295.3335536
1903,11,296.3670583
1903,12,297.0290694
1904,1,297.5051307
1904,2,297.9076072
1904,3,298.2682463
1904,4,298.527648
1904,5,298.488067
1904,6,297.7711674
1904,7,296.1546403
1904,8,294.5834417
1904,9,294.5746673
1904,10,295.6438713
1904,11,296.6791264
1904,12,297.3443421
1905,1,297.8328502
1905,2,298.2388423
1905,3,298.6018743
1905,4,298.8626566
1905,5,298.823237
1905,6,298.1056751
1905,7,296.4891066
1905,8,294.918809
1905,9,294.9108631
1905,10,295.9812906
1905,11,297.0179513
1905,12,297.6847927
1906,1,298.1759107
1906,2,298.5845921
1906,3,298.9512001
1906,4,299.2165723
1906,5,299.1820857
1906,6,298.4698666
1906,7,296.8604245
1906,8,295.2990118
1906,9,295.300016
1906,10,296.3796156
1906,11,297.4249772
1906,12,298.0996691
1907,1,298.5965274
1907,2,299.0111218
1907,3,299.3825821
1907,4,299.6517149
1907,5,299.6198039
1907,6,298.9091345
1907,7,297.300804
1907,8,295.7401939
1907,9,295.7412745
1907,10,296.820413
1907,11,297.8646867
1907,12,298.5376772
1908,1,299.0316659
1908,2,299.4437081
1908,3,299.8123797
1908,4,300.0785564
1908,5,300.0436243
1908,6,299.3299465
1908,7,297.7186499
1908,8,296.1551971
1908,9,296.1537003
1908,10,297.2306009
1908,11,298.2730814
1908,12,298.9448174
1909,1,299.4362542
1909,2,299.8486609
1909,3,300.218731
1909,4,300.4872281
1909,5,300.4559163
1909,6,299.7467562
1909,7,298.1391354
1909,8,296.5782081
1909,9,296.5794831
1909,10,297.6589074
1909,11,298.7040378
1909,12,299.378603
1910,1,299.8732277
1910,2,300.2881771
1910,3,300.6602829
1910,4,300.9301424
1910,5,300.8999799
1910,6,300.1916984
1910,7,298.5836684
1910,8,297.0210538
1910,9,297.0205972
1910,10,298.0981217
1910,11,299.1416836
1910,12,299.8152813
1911,1,300.3034865
1911,2,300.7198582
1911,3,301.0949976
1911,4,301.3691018
1911,5,301.3462329
1911,6,300.6472536
1911,7,299.0444861
1911,8,297.4824057
1911,9,297.4834519
1911,10,298.5620624
1911,11,299.6081605
1911,12,300.286411
1912,1,300.7835237
1912,2,301.2076133
1912,3,301.5912883
1912,4,301.8744
1912,5,301.8619836
1912,6,301.1741902
1912,7,299.5797106
1912,8,298.0225132
1912,9,298.0282547
1912,10,299.1104596
1912,11,300.1600349
1912,12,300.8419289
1913,1,301.3473245
1913,2,301.7738966
1913,3,302.1587274
1913,4,302.4416199
1913,5,302.4274923
1913,6,301.7367578
1913,7,300.1389109
1913,8,298.5781444
1913,9,298.5796488
1913,10,299.6572485
1913,11,300.7017982
1913,12,301.3783243
1914,1,301.8794733
1914,2,302.3003378
1914,3,302.6795134
1914,4,302.9570801
1914,5,302.9375107
1914,6,302.2415121
1914,7,300.640229
1914,8,299.0780524
1914,9,299.0786418
1914,10,300.1562087
1914,11,301.2011142
1914,12,301.8782159
1915,1,302.3806034
1915,2,302.8026844
1915,3,303.1835563
1915,4,303.4634616
1915,5,303.4462424
1915,6,302.7527454
1915,7,301.1557248
1915,8,299.5996068
1915,9,299.6062099
1915,10,300.6899855
1915,11,301.7405788
1915,12,302.4224844
1916,1,302.9248522
1916,2,303.3502806
1916,3,303.733893
1916,4,304.0156638
1916,5,303.9999141
1916,6,303.3073716
1916,7,301.7094147
1916,8,300.1504424
1916,9,300.1538529
1916,10,301.233895
1916,11,302.2808299
1916,12,302.9594661
1917,1,303.4603039
1917,2,303.8832856
1917,3,304.2648675
1917,4,304.5451227
1917,5,304.5284327
1917,6,303.8352445
1917,7,302.2363617
1917,8,300.6759144
1917,9,300.6773961
1917,10,301.7547471
1917,11,302.7981053
1917,12,303.4720877
1918,1,303.9718099
1918,2,304.3865225
1918,3,304.7573988
1918,4,305.0245863
1918,5,304.9914376
1918,6,304.2795086
1918,7,302.6637555
1918,8,301.089235
1918,9,301.0765235
1918,10,302.1409071
1918,11,303.1719123
1918,12,303.8342667
1919,1,304.326513
1919,2,304.7326596
1919,3,305.0974824
1919,4,305.3621177
1919,5,305.3283102
1919,6,304.6179076
1919,7,303.0106785
1919,8,301.4515822
1919,9,301.4552476
1919,10,302.5375017
1919,11,303.5854321
1919,12,304.2624276
1920,1,304.7645599
1920,2,305.179632
1920,3,305.5500738
1920,4,305.8166192
1920,5,305.7796581
1920,6,305.0620542
1920,7,303.4475063
1920,8,301.881886
1920,9,301.877137
1920,10,302.9503911
1920,11,303.9882083
1920,12,304.6541261
1921,1,305.1442898
1921,2,305.5484724
1921,3,305.9092687
1921,4,306.168176
1921,5,306.1251004
1921,6,305.4030381
1921,7,303.7878731
1921,8,302.2253588
1921,9,302.2245764
1921,10,303.3028389
1921,11,304.3454897
1921,12,305.0153657
1922,1,305.5102525
1922,2,305.9154582
1922,3,306.2753427
1922,4,306.5313323
1922,5,306.4818827
1922,6,305.750929
1922,7,304.1286694
1922,8,302.5616855
1922,9,302.5557327
1922,10,303.6294054
1922,11,304.6672127
1922,12,305.331938
1923,1,305.8242279
1923,2,306.2249906
1923,3,306.5816213
1923,4,306.8364041
1923,5,306.7863957
1923,6,306.0560752
1923,7,304.4405082
1923,8,302.8863199
1923,9,302.8935626
1923,10,303.9815017
1923,11,305.03239
1923,12,305.7078354
1924,1,306.2087096
1924,2,306.6143864
1924,3,306.972667
1924,4,307.2257449
1924,5,307.1685847
1924,6,306.4266989
1924,7,304.8008635
1924,8,303.2386375
1924,9,303.2353151
1924,10,304.3117166
1924,11,305.3487508
1924,12,306.0077513
1925,1,306.4914938
1925,2,306.877024
1925,3,307.2142441
1925,4,307.446201
1925,5,307.3663604
1925,6,306.6014466
1925,7,304.9583661
1925,8,303.3855089
1925,9,303.3726837
1925,10,304.4422306
1925,11,305.4733614
1925,12,306.1268997
1926,1,306.6106081
1926,2,306.9921241
1926,3,307.3266267
1926,4,307.5581091
1926,5,307.4773832
1926,6,306.7123882
1926,7,305.0785235
1926,8,303.5245645
1926,9,303.531052
1926,10,304.6217654
1926,11,305.6724382
1926,12,306.3422312
1927,1,306.8347014
1927,2,307.2257438
1927,3,307.5665222
1927,4,307.8008627
1927,5,307.7174727
1927,6,306.9451892
1927,7,305.3049879
1927,8,303.7467396
1927,9,303.7467244
1927,10,304.8304011
1927,11,305.8724553
1927,12,306.5320061
1928,1,307.0135335
1928,2,307.3932905
1928,3,307.7235244
1928,4,307.9490079
1928,5,307.8575244
1928,6,307.078755
1928,7,305.4379868
1928,8,303.8851767
1928,9,303.8916801
1928,10,304.9835889
1928,11,306.0336691
1928,12,306.7000627
1929,1,307.1795893
1929,2,307.5642016
1929,3,307.8984617
1929,4,308.1265833
1929,5,308.0364741
1929,6,307.2574428
1929,7,305.6133711
1929,8,304.0543692
1929,9,304.0537722
1929,10,305.1376261
1929,11,306.1795811
1929,12,306.8383202
1930,1,307.3135449
1930,2,307.6918739
1930,3,308.0207583
1930,4,308.2447938
1930,5,308.1520513
1930,6,307.3720813
1930,7,305.7291843
1930,8,304.1733744
1930,9,304.1773068
1930,10,305.2669951
1930,11,306.31576
1930,12,306.9820645
1931,1,307.4729651
1931,2,307.8588491
1931,3,308.1947127
1931,4,308.4255379
1931,5,308.3372129
1931,6,307.5602382
1931,7,305.9253479
1931,8,304.3831474
1931,9,304.3999204
1931,10,305.5030312
1931,11,306.5636049
1931,12,307.2392178
1932,1,307.738722
1932,2,308.1290674
1932,3,308.467287
1932,4,308.6988565
1932,5,308.6073003
1932,6,307.8243044
1932,7,306.188113
1932,8,304.6503901
1932,9,304.6707371
1932,10,305.7784216
1932,11,306.8425295
1932,12,307.520053
1933,1,308.014679
1933,2,308.4061923
1933,3,308.746555
1933,4,308.9816882
1933,5,308.8947825
1933,6,308.1179977
1933,7,306.4912219
1933,8,304.965881
1933,9,304.9992274
1933,10,306.120521
1933,11,307.1977646
1933,12,307.8872644
1934,1,308.3948516
1934,2,308.7945159
1934,3,309.1404836
1934,4,309.3785429
1934,5,309.2902454
1934,6,308.5081091
1934,7,306.8764002
1934,8,305.3477439
1934,9,305.3765125
1934,10,306.4936105
1934,11,307.5666076
1934,12,308.2521438
1935,1,308.7556879
1935,2,309.1549428
1935,3,309.5038617
1935,4,309.7492239
1935,5,309.6726167
1935,6,308.907568
1935,7,307.3002806
1935,8,305.8027258
1935,9,305.8660323
1935,10,307.0207322
1935,11,308.1327042
1935,12,308.8573836
1936,1,309.3999413
1936,2,309.8361229
1936,3,310.219671
1936,4,310.4966676
1936,5,310.4469691
1936,6,309.7037178
1936,7,308.1156061
1936,8,306.6350473
1936,9,306.7108139
1936,10,307.8741867
1936,11,308.9903672
1936,12,309.7146403
1937,1,310.2586073
1937,2,310.6850094
1937,3,311.0542442
1937,4,311.3131651
1937,5,311.2395065
1937,6,310.4678081
1937,7,308.8545587
1937,8,307.3535795
1937,9,307.4072159
1937,10,308.5490167
1937,11,309.6424582
1937,12,310.3425739
1938,1,310.8619537
1938,2,311.2640413
1938,3,311.6104537
1938,4,311.8492281
1938,5,311.7566299
1938,6,310.9688981
1938,7,309.3492052
1938,8,307.8515109
1938,9,307.9110974
1938,10,309.062422
1938,11,310.1662086
1938,12,310.8760897
1939,1,311.4046326
1939,2,311.8142342
1939,3,312.1667063
1939,4,312.410017
1939,5,312.3178533
1939,6,311.5269343
1939,7,309.9066763
1939,8,308.4119955
1939,9,308.4723502
1939,10,309.623913
1939,11,310.725661
1939,12,311.4307573
1940,1,311.9526089
1940,2,312.3534686
1940,3,312.6961933
1940,4,312.9295421
1940,5,312.8256183
1940,6,312.0224264
1940,7,310.3955238
1940,8,308.9003393
1940,9,308.9603977
1940,10,310.1130719
1940,11,311.2152633
1940,12,311.9192688
1941,1,312.4364057
1941,2,312.8336584
1941,3,313.1719321
1941,4,313.4001474
1941,5,313.2891028
1941,6,312.4772745
1941,7,310.8438917
1941,8,309.3448516
1941,9,309.4001858
1941,10,310.5481805
1941,11,311.6446267
1941,12,312.3414581
1942,1,312.8519609
1942,2,313.2395773
1942,3,313.5673378
1942,4,313.7846407
1942,5,313.6608775
1942,6,312.8353987
1942,7,311.1922485
1942,8,309.6877185
1942,9,309.7371108
1942,10,310.8796459
1942,11,311.9694481
1942,12,312.6577442
1943,1,313.1585911
1943,2,313.5339054
1943,3,313.8476545
1943,4,314.0495091
1943,5,313.9071932
1943,6,313.0607389
1943,7,311.3990966
1943,8,309.8793398
1943,9,309.9123462
1943,10,311.0387422
1943,11,312.1113805
1943,12,312.7812045
1944,1,313.270426
1944,2,313.6249688
1944,3,313.9172851
1944,4,314.0982328
1944,5,313.932532
1944,6,313.0622843
1944,7,311.3873112
1944,8,309.8656886
1944,9,309.8978701
1944,10,311.02665
1944,11,312.1012662
1944,12,312.7711818
1945,1,313.2510645
1945,2,313.6036308
1945,3,313.8939421
1945,4,314.0729293
1945,5,313.9040356
1945,6,313.0297203
1945,7,311.3530896
1945,8,309.8326968
1945,9,309.86589
1945,10,310.9964153
1945,11,312.0725993
1945,12,312.7436814
1946,1,313.2211353
1946,2,313.5755264
1946,3,313.8687482
1946,4,314.0519407
1946,5,313.8886432
1946,6,313.0215479
1946,7,311.3541716
1946,8,309.8448259
1946,9,309.8901549
1946,10,311.0335395
1946,11,312.1227854
1946,12,312.8066687
1947,1,313.298689
1947,2,313.6637391
1947,3,313.9658036
1947,4,314.1557782
1947,5,313.9960804
1947,6,313.1293427
1947,7,311.4609574
1947,8,309.9496897
1947,9,309.990541
1947,10,311.1278878
1947,11,312.209321
1947,12,312.8838483
1948,1,313.3692337
1948,2,313.7230322
1948,3,314.0136472
1948,4,314.1928855
1948,5,314.022112
1948,6,313.145284
1948,7,311.4732474
1948,8,309.9653159
1948,9,310.0114564
1948,10,311.1569078
1948,11,312.2474137
1948,12,312.9311347
1949,1,313.421953
1949,2,313.7855542
1949,3,314.0865271
1949,4,314.2765467
1949,5,314.1162742
1949,6,313.2496553
1949,7,311.5887463
1949,8,310.0928597
1949,9,310.1504638
1949,10,311.3070169
1949,11,312.407693
1949,12,313.1003744
1950,1,313.5978978
1950,2,313.9680339
1950,3,314.2743485
1950,4,314.468454
1950,5,314.3107461
1950,6,313.4451506
1950,7,311.7841444
1950,8,310.2872061
1950,9,310.342642
1950,10,311.4963694
1950,11,312.5937412
1950,12,313.2829219
1951,1,313.7795008
1951,2,314.1464758
1951,3,314.4502363
1951,4,314.6429369
1951,5,314.4845735
1951,6,313.6198127
1951,7,311.9638643
1951,8,310.4765094
1951,9,310.5434381
1951,10,311.7107575
1951,11,312.8227105
1951,12,313.5268314
1952,1,314.0382579
1952,2,314.4201514
1952,3,314.7385197
1952,4,314.9453392
1952,5,314.7996355
1952,6,313.946064
1952,7,312.3015091
1952,8,310.8257935
1952,9,310.9027568
1952,10,312.0790565
1952,11,313.1983935
1952,12,313.9081631
1953,1,314.4253354
1953,2,314.8096868
1953,3,315.1291583
1953,4,315.3360892
1953,5,315.1886247
1953,6,314.3320447
1953,7,312.6865002
1953,8,311.2122255
1953,9,311.2900548
1953,10,312.4673728
1953,11,313.5868911
1953,12,314.2956496
1954,1,314.8061476
1954,2,315.1882054
1954,3,315.5052855
1954,4,315.7096778
1954,5,315.5598118
1954,6,314.7008481
1954,7,313.05211
1954,8,311.5737596
1954,9,311.6474588
1954,10,312.8204184
1954,11,313.9356357
1954,12,314.6402669
1955,1,315.1432068
1955,2,315.5219719
1955,3,315.836311
1955,4,316.0382262
1955,5,315.8872986
1955,6,315.0280976
1955,7,313.3762963
1955,8,311.89168
1955,9,311.959438
1955,10,313.125983
1955,11,314.2355014
1955,12,314.9356048
1956,1,315.4324715
1956,2,315.8090907
1956,3,316.1223206
1956,4,316.3237344
1956,5,316.174614
1956,6,315.3186512
1956,7,313.6661154
1956,8,312.1762351
1956,9,312.2394322
1956,10,313.4009589
1956,11,314.5067803
1956,12,315.205202
1957,1,315.7097595
1957,2,316.0871504
1957,3,316.401595
1957,4,316.6048094
1957,5,316.4577702
1957,6,315.6044067
1957,7,313.9561797
1957,8,312.472464
1957,9,312.5424536
1957,10,313.7114565
1957,11,314.8248747
1957,12,315.5306786
1958,1,316.043294
1958,2,316.4270119
1958,3,316.7470025
1958,4,316.9549385
1958,5,316.8110141
1958,6,315.9592712
1958,7,314.3128525
1958,8,312.8311953
1958,9,312.9020758
1958,10,314.0718754
1958,11,315.1860516
1958,12,315.8930075
1959,1,316.4035902
1959,2,316.7920675
1959,3,317.1199901
1959,4,317.3395408
1959,5,317.2121181
1959,6,316.3821272
1959,7,314.7615994
1959,8,313.3103362
1959,9,313.417174
1959,10,314.6266982
1959,11,315.7835156
1959,12,316.5348242
1960,1,317.0924197
1960,2,317.5238689
1960,3,317.8916721
1960,4,318.1466263
1960,5,318.0486044
1960,6,317.2406555
1960,7,315.6337528
1960,8,314.1864253
1960,9,314.2874687
1960,10,315.4831309
1960,11,316.6195242
1960,12,317.3454239
1961,1,317.8789489
1961,2,318.2792172
1961,3,318.6151719
1961,4,318.8395693
1961,5,318.7126276
1961,6,317.8796954
1961,7,316.2574746
1961,8,314.8064871
1961,9,314.9116887
1961,10,316.1188906
1961,11,317.2714771
1961,12,318.0163174
1962,1,318.5695444
1962,2,318.990561
1962,3,319.3464352
1962,4,319.5887666
1962,5,319.4753813
1962,6,318.650731
1962,7,317.0332455
1962,8,315.5823992
1962,9,315.6799473
1962,10,316.8737243
1962,11,318.0075325
1962,12,318.7292886
1963,1,319.2574007
1963,2,319.6512247
1963,3,319.9802183
1963,4,320.1976879
1963,5,320.0618121
1963,6,319.2190344
1963,7,317.592653
1963,8,316.1439149
1963,9,316.2515482
1963,10,317.4625834
1963,11,318.6179776
1963,12,319.3634917
1964,1,319.9100402
1964,2,320.3279896
1964,3,320.6792755
1964,4,320.9153251
1964,5,320.7930724
1964,6,319.9569483
1964,7,318.3268892
1964,8,316.8622324
1964,9,316.942838
1964,10,318.1177623
1964,11,319.2312275
1964,12,319.9319359
1965,1,320.4376992
1965,2,320.8125297
1965,3,321.1253072
1965,4,321.3303676
1965,5,321.1867958
1965,6,320.3420913
1965,7,318.7208698
1965,8,317.2854212
1965,9,317.4148888
1965,10,318.6554883
1965,11,319.8467994
1965,12,320.6332683
1966,1,321.2294523
1966,2,321.6939025
1966,3,322.0923206
1966,4,322.3752075
1966,5,322.2969033
1966,6,321.5012643
1966,7,319.9111957
1966,8,318.4852089
1966,9,318.5978158
1966,10,319.7989572
1966,11,320.9319294
1966,12,321.6453586
1967,1,322.1546518
1967,2,322.5308354
1967,3,322.8404475
1967,4,323.0383719
1967,5,322.8836768
1967,6,322.0245284
1967,7,320.3874087
1967,8,318.9351905
1967,9,319.0464387
1967,10,320.2685006
1967,11,321.4409485
1967,12,322.208508
1968,1,322.7804259
1968,2,323.2282534
1968,3,323.6122921
1968,4,323.8832132
1968,5,323.7968581
1968,6,322.9969729
1968,7,321.403524
1968,8,319.9751111
1968,9,320.0895791
1968,10,321.2958851
1968,11,322.4385661
1968,12,323.1668151
1969,1,323.7040818
1969,2,324.1042269
1969,3,324.4419104
1969,4,324.6724601
1969,5,324.5540574
1969,6,323.7355927
1969,7,322.1470978
1969,8,320.7519713
1969,9,320.92582
1969,10,322.2160898
1969,11,323.4595188
1969,12,324.2986568
1970,1,324.9541217
1970,2,325.4678348
1970,3,325.9118744
1970,4,326.2362619
1970,5,326.190855
1970,6,325.4198731
1970,7,323.8550879
1970,8,322.4547771
1970,9,322.5819772
1970,10,323.7886897
1970,11,324.9171383
1970,12,325.6169796
1971,1,326.1127579
1971,2,326.4641107
1971,3,326.7471804
1971,4,326.9202929
1971,5,326.7402625
1971,6,325.8598974
1971,7,324.2224223
1971,8,322.7945026
1971,9,322.9433801
1971,10,324.2213613
1971,11,325.4628987
1971,12,326.310393
1972,1,326.9821643
1972,2,327.5300621
1972,3,328.0241228
1972,4,328.4161153
1972,5,328.4549167
1972,6,327.7870689
1972,7,326.3524625
1972,8,325.1112904
1972,9,325.4207827
1972,10,326.8312605
1972,11,328.1768285
1972,12,329.1003741
1973,1,329.8259699
1973,2,330.3963607
1973,3,330.8875531
1973,4,331.2527996
1973,5,331.2397135
1973,6,330.4968984
1973,7,328.9721435
1973,8,327.6272942
1973,9,327.8138008
1973,10,329.0852761
1973,11,330.2766165
1973,12,331.0330107
1974,1,331.5698557
1974,2,331.9592253
1974,3,332.2683897
1974,4,332.4534535
1974,5,332.2662166
1974,6,331.3578541
1974,7,329.6758914
1974,8,328.184944
1974,9,328.2428192
1974,10,329.4039014
1974,11,330.5033091
1974,12,331.1855704
1975,1,331.6659938
1975,2,332.0130946
1975,3,332.2939741
1975,4,332.463491
1975,5,332.2730602
1975,6,331.3724293
1975,7,329.7058677
1975,8,328.236692
1975,9,328.3237461
1975,10,329.5202002
1975,11,330.66175
1975,12,331.393125
1976,1,331.9256929
1976,2,332.3359979
1976,3,332.6870447
1976,4,332.9332146
1976,5,332.8274309
1976,6,332.0185459
1976,7,330.4457151
1976,8,329.0716559
1976,9,329.2599919
1976,10,330.5622572
1976,11,331.8138677
1976,12,332.657997
1977,1,333.3157453
1977,2,333.8353557
1977,3,334.2896868
1977,4,334.6313899
1977,5,334.6096299
1977,6,333.8719559
1977,7,332.360529
1977,8,331.0364609
1977,9,331.2562758
1977,10,332.5713935
1977,11,333.817442
1977,12,334.6395363
1978,1,335.2573108
1978,2,335.7308076
1978,3,336.1314831
1978,4,336.41465
1978,5,336.3316308
1978,6,335.5327424
1978,7,333.9639835
1978,8,332.5891585
1978,9,332.766119
1978,10,334.0486453
1978,11,335.2720386
1978,12,336.0808226
1979,1,336.7063997
1979,2,337.1822882
1979,3,337.5920328
1979,4,337.8914155
1979,5,337.8279169
1979,6,337.0532315
1979,7,335.5238957
1979,8,334.2044484
1979,9,334.4417949
1979,10,335.791592
1979,11,337.084046
1979,12,337.9603187
1980,1,338.6517724
1980,2,339.1868085
1980,3,339.6493099
1980,4,339.9939316
1980,5,339.9626059
1980,6,339.2068313
1980,7,337.6923408
1980,8,336.3828183
1980,9,336.6123359
1980,10,337.9373256
1980,11,339.1852519
1980,12,339.998043
1981,1,340.6079842
1981,2,341.0494629
1981,3,341.4075976
1981,4,341.6398949
1981,5,341.4876385
1981,6,340.6059156
1981,7,338.9714827
1981,8,337.55109
1981,9,337.6723949
1981,10,338.8958595
1981,11,340.0477168
1981,12,340.7703355
1982,1,341.2925453
1982,2,341.6619414
1982,3,341.9603414
1982,4,342.1470729
1982,5,341.963744
1982,6,341.067578
1982,7,339.4406466
1982,8,338.0516128
1982,9,338.2259932
1982,10,339.5264253
1982,11,340.7762533
1982,12,341.6132145
1983,1,342.2729834
1983,2,342.7754805
1983,3,343.2097395
1983,4,343.5318483
1983,5,343.4753437
1983,6,342.6952272
1983,7,341.181614
1983,8,339.9002247
1983,9,340.1605428
1983,10,341.523856
1983,11,342.8090662
1983,12,343.655441
1984,1,344.2184295
1984,2,344.7017235
1984,3,345.112579
1984,4,345.4055562
1984,5,345.334858
1984,6,344.5492836
1984,7,342.9855964
1984,8,341.6066249
1984,9,341.7790868
1984,10,343.0547583
1984,11,344.2717821
1984,12,345.0751163
1985,1,345.6531811
1985,2,346.1285446
1985,3,346.5405145
1985,4,346.8406643
1985,5,346.7888515
1985,6,346.0290683
1985,7,344.4749127
1985,8,343.0856951
1985,9,343.2480267
1985,10,344.5076235
1985,11,345.7092242
1985,12,346.5011385
1986,1,347.1452127
1986,2,347.6062737
1986,3,347.9980657
1986,4,348.2762502
1986,5,348.1893382
1986,6,347.388661
1986,7,345.827946
1986,8,344.4715407
1986,9,344.6692776
1986,10,345.9764692
1986,11,347.2257782
1986,12,348.0605641
1987,1,348.6958438
1987,2,349.2005335
1987,3,349.641663
1987,4,349.9742802
1987,5,349.9474778
1987,6,349.2117216
1987,7,347.7173322
1987,8,346.4279697
1987,9,346.6960199
1987,10,348.0757544
1987,11,349.4000657
1987,12,350.3107068
1988,1,351.063667
1988,2,351.632476
1988,3,352.1260408
1988,4,352.4998586
1988,5,352.4908293
1988,6,351.7525309
1988,7,350.265256
1988,8,348.9938916
1988,9,349.2577984
1988,10,350.6162125
1988,11,351.8906602
1988,12,352.7219742
1989,1,353.3827003
1989,2,353.826573
1989,3,354.1803219
1989,4,354.4064524
1989,5,354.2337478
1989,6,353.3259798
1989,7,351.7057672
1989,8,350.3459351
1989,9,350.5328058
1989,10,351.8380244
1989,11,353.0737317
1989,12,353.8750173
1990,1,354.559588
1990,2,354.9813726
1990,3,355.31452
1990,4,355.5252023
1990,5,355.3175598
1990,6,354.3649939
1990,7,352.7598929
1990,8,351.4804889
1990,9,351.7418184
1990,10,353.1293025
1990,11,354.4300954
1990,12,355.2703259
1991,1,355.8052964
1991,2,356.2468672
1991,3,356.6052096
1991,4,356.8410226
1991,5,356.6796812
1991,6,355.7834882
1991,7,354.1769954
1991,8,352.8313198
1991,9,353.0267372
1991,10,354.3336583
1991,11,355.561112
1991,12,356.3438304
1992,1,356.9569811
1992,2,357.3491001
1992,3,357.6509215
1992,4,357.8268755
1992,5,357.5917145
1992,6,356.6144958
1992,7,354.9570202
1992,8,353.5950188
1992,9,353.7744938
1992,10,355.0747132
1992,11,356.2937235
1992,12,357.0623291
1993,1,357.6910984
1993,2,358.0576987
1993,3,358.3301791
1993,4,358.4782693
1993,5,358.1983054
1993,6,357.1696394
1993,7,355.5147485
1993,8,354.2161213
1993,9,354.4622686
1993,10,355.8462264
1993,11,357.1470438
1993,12,357.9879075
1994,1,358.6152344
1994,2,359.0483702
1994,3,359.391561
1994,4,359.6136606
1994,5,359.4093448
1994,6,358.457255
1994,7,356.880824
1994,8,355.6617128
1994,9,355.9854794
1994,10,357.4445642
1994,11,358.8163608
1994,12,359.7231792
1995,1,360.5454543
1995,2,361.0136554
1995,3,361.3692155
1995,4,361.5897711
1995,5,361.3354976
1995,6,360.3029362
1995,7,358.7253748
1995,8,357.5959187
1995,9,357.9943061
1995,10,359.5372173
1995,11,360.9665679
1995,12,361.8915625
1996,1,362.4688585
1996,2,362.9241129
1996,3,363.273165
1996,4,363.4871344
1996,5,363.2527994
1996,6,362.2532079
1996,7,360.6377907
1996,8,359.3910992
1996,9,359.6740482
1996,10,361.0849731
1996,11,362.3931548
1996,12,363.2191934
1997,1,363.9364735
1997,2,364.3048836
1997,3,364.5595628
1997,4,364.6830416
1997,5,364.3348218
1997,6,363.2175112
1997,7,361.5822906
1997,8,360.4275015
1997,9,360.8230368
1997,10,362.3924583
1997,11,363.8768697
1997,12,364.8850902
1998,1,365.6055346
1998,2,366.1832838
1998,3,366.6664219
1998,4,367.0245345
1998,5,366.9265866
1998,6,366.0575214
1998,7,364.6032514
1998,8,363.5477954
1998,9,364.0074295
1998,10,365.5847688
1998,11,367.0309001
1998,12,367.9574683
1999,1,368.7721408
1999,2,369.1675102
1999,3,369.4160026
1999,4,369.5065854
1999,5,369.0801112
1999,6,367.8509084
1999,7,366.1351724
1999,8,364.9392239
1999,9,365.2729727
1999,10,366.7753762
1999,11,368.1683252
1999,12,369.0553685
2000,1,369.7854743
2000,2,370.1806611
2000,3,370.4653326
2000,4,370.6171665
2000,5,370.3029306
2000,6,369.2178221
2000,7,367.5795741
2000,8,366.380193
2000,9,366.716031
2000,10,368.2006967
2000,11,369.5820708
2000,12,370.4718075
2001,1,371.2436185
2001,2,371.6553378
2001,3,371.9443397
2001,4,372.0952003
2001,5,371.7451536
2001,6,370.6039742
2001,7,368.9817349
2001,8,367.8807561
2001,9,368.3091548
2001,10,369.9017745
2001,11,371.3774582
2001,12,372.3373784
2002,1,373.0261727
2002,2,373.4916462
2002,3,373.8419101
2002,4,374.0601682
2002,5,373.7914272
2002,6,372.7421629
2002,7,371.1995945
2002,8,370.1623373
2002,9,370.6581873
2002,10,372.3141329
2002,11,373.8537812
2002,12,374.8784108
2003,1,375.5358221
2003,2,376.0708551
2003,3,376.4919073
2003,4,376.7715431
2003,5,376.582006
2003,6,375.6111551
2003,7,374.0471824
2003,8,372.8779799
2003,9,373.22741
2003,10,374.7053489
2003,11,376.0705567
2003,12,376.9401738
2004,1,377.6460111
2004,2,378.0399977
2004,3,378.3157728
2004,4,378.4552866
2004,5,378.1164402
2004,6,377.0014757
2004,7,375.3633765
2004,8,374.1998249
2004,9,374.5755706
2004,10,376.1109499
2004,11,377.5424201
2004,12,378.476904
2005,1,379.2091208
2005,2,379.6682154
2005,3,380.0117747
2005,4,380.2208262
2005,5,379.9423376
2005,6,378.8797373
2005,7,377.308463
2005,8,376.2260317
2005,9,376.6716259
2005,10,378.2712474
2005,11,379.7532256
2005,12,380.7214541
2006,1,381.4153196
2006,2,381.8858752
2006,3,382.2348681
2006,4,382.441484
2006,5,382.159612
2006,6,381.0889927
2006,7,379.4827599
2006,8,378.3360496
2006,9,378.7096431
2006,10,380.2265372
2006,11,381.6249077
2006,12,382.5140345
2007,1,383.2188341
2007,2,383.6125314
2007,3,383.8836402
2007,4,384.0179869
2007,5,383.6575373
2007,6,382.512583
2007,7,380.8862443
2007,8,379.7814396
2007,9,380.2161577
2007,10,381.8227745
2007,11,383.3199294
2007,12,384.3066377
2008,1,385.0220516
2008,2,385.5146196
2008,3,385.8866472
2008,4,386.117332
2008,5,385.8514483
2008,6,384.7906709
2008,7,383.209456
2008,8,382.1035124
2008,9,382.5092299
2008,10,384.0518186
2008,11,385.4624087
2008,12,386.3490282
2009,1,387.0851624
2009,2,387.4471159
2009,3,387.6737591
2009,4,387.7572578
2009,5,387.3229946
2009,6,386.0924286
2009,7,384.4285475
2009,8,383.3420182
2009,9,383.7965194
2009,10,385.4406959
2009,11,386.9769423
2009,12,387.9967867
2010,1,388.6894597
2010,2,389.2154425
2010,3,389.6277452
2010,4,389.9058542
2010,5,389.6903485
2010,6,388.6841362
2010,7,387.1724313
2010,8,386.1515073
2010,9,386.646172
2010,10,388.2826149
2010,11,389.7839134
2010,12,390.7547262
2011,1,391.5503745
2011,2,391.9831701
2011,3,392.2737772
2011,4,392.4126843
2011,5,392.0249833
2011,6,390.8301637
2011,7,389.1862972
2011,8,388.1022881
2011,9,388.5438098
2011,10,390.157512
2011,11,391.6490065
2011,12,392.6141094
2012,1,393.3682018
2012,2,393.8102309
2012,3,394.1220776
2012,4,394.2943543
2012,5,393.9409979
2012,6,392.7839977
2012,7,391.2078877
2012,8,390.2223899
2012,9,390.7634374
2012,10,392.4818318
2012,11,394.0718914
2012,12,395.1246143
2013,1,395.8041875
2013,2,396.3324324
2013,3,396.7373473
2013,4,396.9998483
2013,5,396.7616807
2013,6,395.7272378
2013,7,394.1837806
2013,8,393.1290286
2013,9,393.5885195
2013,10,395.1899654
2013,11,396.6563536
2013,12,397.5893703
2014,1,398.4102333
2014,2,398.7906466
2014,3,399.0200533
2014,4,399.0946132
2014,5,398.6239282
2014,6,397.3376165
2014,7,395.6488352
2014,8,394.5734612
2014,9,395.0268101
2014,10,396.6687597
2014,11,398.1890742
2014,12,399.1796918
2015,1,399.56
2015,2,400.12
2015,3,400.57
2015,4,400.96
2015,5,400.91
2015,6,400.06
2015,7,398.37
2015,8,397.06
2015,9,397.34
2015,10,398.8
2015,11,400.37
2015,12,401.66
2016,1,402.64
2016,2,403.27
2016,3,403.86
2016,4,404.39
2016,5,404.45
2016,6,403.66
2016,7,402.11
2016,8,400.8
2016,9,400.99
2016,10,402.42
2016,11,403.78
2016,12,404.69
2017,1,405.32
2017,2,405.91
2017,3,406.32
2017,4,406.61
2017,5,406.65
2017,6,405.86
2017,7,404.11
2017,8,402.57
2017,9,402.66
2017,10,404.16
2017,11,405.7
2017,12,406.75
2018,1,407.56
2018,2,408.24
2018,3,408.77
2018,4,409.08
2018,5,408.94
2018,6,408.06
2018,7,406.47
2018,8,405.1
2018,9,405.17
2018,10,406.65
2018,11,408.13
2018,12,409.18
2019,1,409.92
2019,2,410.35
2019,3,410.89
2019,4,411.33
2019,5,411.34
2019,6,410.53
2019,7,408.88
2019,8,407.65
2019,9,407.92
2019,10,409.44
2019,11,410.87
2019,12,411.76
2020,1,412.43
2020,2,412.95
2020,3,413.44
2020,4,413.86
2020,5,413.81
2020,6,412.88
2020,7,411.17
2020,8,409.73
2020,9,410
2020,10,411.66
2020,11,413.25
2020,12,414.14
2021,1,414.74
2021,2,415.21
2021,3,415.51
2021,4,415.82
2021,5,416.01
2021,6,415.2
2021,7,413.45
2021,8,412.16
2021,9,412.38
2021,10,413.84
2021,11,415.59
2021,12,416.61
2022,1,417.21
2022,2,417.67
2022,3,418.05
2022,4,418.42
2022,5,418.41
2022,6,417.5
2022,7,415.82
2022,8,414.46
2022,9,414.59
2022,10,416.12
2022,11,417.72
2022,12,418.75
2023,1,419.37
2023,2,419.72
2023,3,420.13